edad,antiguedad_meses,gasto_mensual,soporte_llamadas,tipo_contrato,region,churn
70,56,25295,7,anual,norte,1
45,9,85199,6,anual,centro,0
42,20,8658,3,anual,sur,0
30,7,40170,6,bienal,norte,0
57,26,87653,3,bienal,centro,0
24,57,78055,7,anual,norte,1
65,57,16216,3,mensual,norte,1
64,43,8474,5,mensual,centro,1
27,28,74063,0,anual,sur,0
61,52,83574,1,anual,sur,0
75,39,67922,4,bienal,sur,0
65,2,10048,7,mensual,centro,1
28,47,99565,5,mensual,norte,1
48,50,102397,5,anual,norte,0
68,29,33688,6,anual,sur,1
19,55,60317,5,mensual,norte,1
62,52,115876,3,anual,norte,0
33,34,66407,8,bienal,centro,0
31,46,28237,7,bienal,sur,0
75,12,68945,5,bienal,centro,1
60,44,9113,3,mensual,norte,1
45,12,80863,6,bienal,sur,1
21,7,90728,7,mensual,sur,1
33,12,22040,3,anual,sur,0
45,43,116640,5,bienal,sur,0
51,24,62925,0,anual,sur,0
19,5,13277,0,anual,centro,1
31,20,79801,6,bienal,norte,1
51,18,51114,6,mensual,centro,0
49,7,70473,3,bienal,sur,0
62,23,46673,6,mensual,norte,0
29,32,84249,6,bienal,norte,0
50,57,60574,1,anual,centro,0
73,59,58234,3,bienal,norte,0
74,48,27037,2,bienal,sur,0
70,33,46362,7,mensual,centro,0
40,35,22813,8,anual,centro,0
44,12,89802,1,bienal,sur,0
66,33,76122,6,mensual,centro,1
72,26,104291,1,anual,sur,0
50,13,50943,5,bienal,norte,1
37,4,51196,0,mensual,sur,0
32,27,60235,4,mensual,sur,0
56,11,95621,5,mensual,sur,0
45,38,69265,1,anual,norte,0
68,53,52012,8,mensual,centro,0
69,20,107937,0,mensual,centro,0
32,48,66832,5,anual,centro,0
30,30,83848,4,anual,centro,0
28,60,111548,8,bienal,sur,0
46,58,22577,3,bienal,sur,0
55,3,36091,3,mensual,centro,1
29,14,46861,8,mensual,centro,0
74,19,114453,6,anual,norte,1
34,58,61116,0,mensual,centro,1
66,48,51783,3,mensual,sur,1
35,47,13193,4,bienal,sur,1
55,51,94202,6,bienal,norte,0
60,36,26414,3,mensual,sur,0
18,19,96924,8,bienal,norte,1
43,47,95389,6,anual,centro,1
62,30,83140,6,bienal,norte,0
48,32,116004,4,anual,norte,0
22,18,56778,7,anual,sur,0
72,39,74893,1,bienal,sur,0
52,36,106037,4,anual,centro,0
24,56,21734,4,bienal,sur,0
23,37,102323,7,mensual,centro,1
19,6,100130,1,bienal,norte,0
59,50,36043,5,bienal,sur,1
75,10,54739,3,bienal,norte,1
51,36,66522,6,anual,norte,1
37,4,56656,8,anual,sur,1
60,15,92597,3,anual,sur,0
46,31,24562,5,bienal,norte,1
44,4,71191,4,bienal,centro,0
39,4,24825,1,anual,norte,0
56,51,99945,6,anual,centro,0
29,1,79374,5,mensual,norte,1
23,15,98347,0,anual,centro,0
46,21,16479,6,anual,sur,1
48,53,88773,3,bienal,norte,0
68,51,119303,6,anual,norte,1
34,41,87346,8,anual,sur,0
42,26,10699,6,bienal,sur,0
55,29,62118,3,bienal,centro,0
22,3,102144,1,mensual,sur,1
41,7,58632,8,bienal,centro,1
18,24,95622,5,mensual,sur,1
20,19,118757,0,anual,sur,1
21,37,63589,0,mensual,centro,0
24,38,95096,2,anual,centro,0
74,33,80506,1,anual,norte,0
58,36,93736,7,mensual,centro,1
27,35,28682,0,bienal,sur,1
65,8,111498,5,bienal,centro,1
56,27,50842,2,bienal,sur,1
34,52,19186,7,anual,centro,0
26,46,46939,6,bienal,centro,1
52,40,74533,2,anual,sur,0
18,17,118262,8,bienal,centro,1
25,5,68823,4,mensual,norte,0
58,38,8625,5,anual,centro,0
64,17,57232,8,bienal,centro,0
18,44,67754,4,bienal,norte,0
69,31,76867,8,anual,norte,0
26,52,52820,8,anual,norte,0
53,55,108641,6,anual,norte,1
54,31,15581,4,anual,sur,0
71,41,111259,6,anual,sur,1
68,34,78455,0,bienal,centro,0
64,53,11782,8,bienal,sur,1
22,37,105788,1,bienal,norte,0
49,57,77894,4,anual,sur,0
38,52,114079,5,bienal,sur,0
71,46,84361,5,bienal,centro,0
53,13,28848,0,anual,sur,0
67,48,12694,3,anual,centro,0
69,35,72539,4,bienal,centro,0
61,16,82565,6,anual,centro,0
71,31,85542,8,bienal,sur,0
23,53,34115,8,bienal,norte,0
49,7,21531,1,mensual,sur,1
31,35,111129,5,bienal,norte,1
60,37,67591,1,mensual,centro,0
24,11,44651,4,anual,norte,0
47,58,33968,8,bienal,centro,1
61,55,37852,0,bienal,centro,1
50,4,81030,3,bienal,sur,1
59,38,117634,5,mensual,sur,0
67,22,85674,2,mensual,sur,0
72,51,111509,7,anual,sur,1
59,15,105074,5,bienal,norte,1
40,20,103795,7,anual,norte,0
33,50,26004,6,mensual,sur,0
58,19,89435,5,anual,centro,1
19,60,30699,1,anual,sur,1
72,31,17616,3,anual,norte,0
61,57,49899,0,bienal,sur,0
36,4,72741,4,bienal,sur,1
21,22,20080,0,anual,norte,0
42,36,79084,2,bienal,norte,0
75,35,48604,7,bienal,centro,0
32,40,18016,2,mensual,norte,0
34,18,63949,8,bienal,norte,1
64,44,68289,5,bienal,norte,0
33,33,113512,0,bienal,sur,0
65,17,33273,1,mensual,sur,0
30,20,53980,5,anual,sur,1
72,27,48106,4,mensual,norte,0
33,57,98879,2,anual,centro,0
34,6,63613,6,mensual,centro,1
30,26,104727,2,anual,norte,0
21,44,54081,4,mensual,centro,0
18,25,98631,0,mensual,norte,0
58,23,55202,2,bienal,centro,0
72,43,33026,6,mensual,norte,0
36,36,28919,5,bienal,norte,0
36,6,71675,4,mensual,centro,0
55,57,63533,2,anual,norte,0
71,56,112469,6,anual,centro,1
70,33,82829,7,mensual,norte,0
38,21,37229,6,anual,sur,1
24,14,30977,1,anual,centro,0
21,48,32656,7,anual,norte,1
51,12,90071,8,anual,centro,1
19,19,115875,3,bienal,centro,1
65,26,28757,2,bienal,centro,0
34,7,114920,8,anual,sur,1
70,22,38416,1,mensual,centro,0
54,29,62802,3,mensual,centro,0
65,3,29343,5,mensual,sur,1
48,33,11046,3,bienal,sur,0
39,34,76323,7,bienal,sur,1
22,17,102831,6,anual,centro,1
74,55,107686,4,mensual,sur,0
28,43,81434,4,anual,norte,0
69,26,10023,3,bienal,sur,1
51,33,14085,7,mensual,centro,0
18,45,58671,6,anual,centro,1
68,3,93167,8,mensual,norte,0
75,13,105571,2,mensual,sur,1
40,8,16671,6,bienal,norte,1
75,25,92614,1,bienal,norte,0
68,22,104556,5,anual,centro,0
61,27,64996,5,bienal,centro,0
49,41,51427,8,anual,norte,0
69,38,87979,0,bienal,sur,0
18,56,47151,5,anual,sur,1
54,40,50866,7,mensual,centro,1
41,26,89631,3,anual,norte,0
19,40,57992,1,anual,sur,1
25,10,33248,7,mensual,sur,0
75,29,116039,1,mensual,centro,0
42,6,15973,7,bienal,norte,1
67,14,34062,7,bienal,centro,0
74,30,81502,5,anual,norte,0
35,32,64912,4,mensual,centro,0
53,31,80417,5,bienal,sur,1
65,22,98064,4,anual,centro,0
41,4,64337,5,bienal,sur,1
65,35,35061,3,bienal,norte,0
60,8,86868,0,anual,sur,0
72,18,32053,7,mensual,sur,0
37,11,104392,6,anual,centro,0
51,16,82539,5,bienal,norte,0
23,51,34741,1,bienal,sur,0
48,26,87691,4,bienal,norte,0
34,42,107705,7,bienal,centro,0
62,36,66450,7,anual,sur,1
37,27,42654,0,bienal,norte,0
74,12,97820,6,anual,centro,1
25,59,50314,5,anual,centro,1
61,26,17203,8,mensual,norte,1
40,1,78194,8,mensual,centro,1
22,51,82499,8,anual,centro,1
32,7,24480,3,bienal,centro,0
70,12,66474,6,mensual,sur,1
59,12,18458,0,mensual,sur,0
28,38,110372,8,mensual,centro,1
55,58,13196,0,anual,centro,0
21,46,43234,3,anual,centro,1
39,4,91897,4,mensual,sur,0
71,50,101482,5,mensual,norte,1
22,22,50509,1,mensual,sur,0
18,34,29171,5,mensual,centro,1
28,8,69689,4,bienal,sur,0
32,9,91740,6,mensual,centro,1
45,31,65029,5,bienal,norte,0
22,25,69941,8,bienal,centro,0
39,35,93128,7,bienal,norte,0
69,32,26501,8,anual,norte,1
74,12,21829,4,mensual,centro,0
57,2,47150,5,anual,norte,1
69,58,52476,5,mensual,sur,1
55,48,35466,6,bienal,centro,1
47,49,12173,7,mensual,centro,1
52,3,88127,2,mensual,norte,1
56,53,83516,7,bienal,norte,0
55,10,119944,1,bienal,centro,0
19,31,16864,1,mensual,centro,1
71,39,54894,2,mensual,centro,0
29,33,104735,3,mensual,sur,0
54,46,28017,7,bienal,centro,1
70,30,38946,1,bienal,norte,0
48,22,94434,1,bienal,centro,0
62,38,57853,3,mensual,sur,0
60,18,109297,6,mensual,norte,1
48,31,8670,0,bienal,sur,0
69,32,81635,6,mensual,norte,0
63,7,70698,7,mensual,sur,1
43,21,71521,3,anual,sur,0
29,24,17106,7,anual,centro,1
28,14,61640,6,bienal,sur,0
73,12,64217,2,anual,sur,0
61,14,107034,1,mensual,norte,0
34,54,118010,5,anual,centro,0
29,36,40522,6,mensual,norte,1
63,56,41739,6,mensual,norte,1
36,41,40874,6,anual,norte,1
20,10,48908,1,bienal,sur,1
49,6,104292,7,bienal,centro,1
58,31,20955,8,anual,norte,0
25,60,97915,8,mensual,sur,0
41,9,70723,4,anual,centro,0
21,22,83532,0,mensual,norte,0
71,5,25031,5,mensual,norte,1
56,17,54951,7,mensual,sur,1
43,48,89773,2,bienal,norte,0
49,14,12428,1,mensual,norte,0
32,21,16731,1,mensual,sur,1
51,43,88655,3,bienal,sur,0
44,30,31644,3,bienal,norte,0
47,53,22294,4,bienal,norte,0
66,14,111383,2,bienal,sur,0
34,19,104049,1,anual,sur,0
26,31,96703,2,bienal,sur,0
26,44,102080,5,anual,norte,1
50,48,23397,3,bienal,sur,0
74,34,16423,3,bienal,sur,0
38,34,91430,4,mensual,sur,0
71,15,24711,8,anual,sur,0
23,53,42923,6,bienal,sur,0
22,35,42822,6,mensual,sur,0
19,59,70921,0,mensual,sur,0
20,15,15495,8,mensual,sur,1
23,35,13071,3,bienal,norte,0
39,52,89834,0,bienal,norte,0
58,4,74340,4,mensual,norte,1
32,11,42025,3,bienal,sur,0
63,7,115085,2,mensual,sur,1
61,17,41501,2,bienal,centro,0
51,53,44930,7,mensual,norte,1
37,36,105256,2,bienal,centro,0
63,34,40007,2,mensual,sur,0
33,30,30050,7,bienal,centro,1
28,38,84691,4,mensual,centro,1
60,42,82422,7,anual,norte,1
20,47,58953,4,bienal,norte,0
49,25,100896,5,bienal,sur,0
19,54,31703,4,anual,norte,0
26,49,32911,7,bienal,norte,0
27,43,15729,6,mensual,sur,1
70,29,15699,2,anual,norte,1
42,36,82646,4,bienal,norte,0
61,29,43371,5,anual,sur,1
65,2,13042,4,bienal,norte,1
29,59,95357,5,bienal,norte,0
21,39,74649,2,mensual,norte,1
26,58,72348,7,mensual,centro,0
58,13,64767,8,mensual,centro,1
50,18,114662,4,anual,centro,0
18,15,65907,4,mensual,norte,1
64,53,77361,5,bienal,centro,0
24,21,82647,3,mensual,centro,0
67,33,78908,1,mensual,sur,0
19,21,115908,6,anual,centro,0
46,34,57014,6,mensual,norte,1
32,10,59080,7,anual,sur,1
34,35,78195,6,bienal,centro,0
39,48,60099,4,bienal,sur,1
65,15,37219,1,mensual,norte,0
47,10,25536,5,bienal,sur,0
26,21,118106,4,anual,centro,0
19,22,56924,1,anual,norte,1
69,15,101469,2,mensual,centro,0
27,34,60608,3,bienal,norte,0
52,56,47302,1,anual,sur,0
70,12,29972,8,bienal,centro,1
44,34,45103,3,bienal,centro,0
74,12,93160,4,anual,centro,1
58,21,117348,0,mensual,norte,0
74,12,73805,1,anual,sur,0
68,33,71236,5,mensual,sur,0
74,48,35493,7,anual,sur,0
26,42,53310,8,bienal,sur,1
73,36,116982,0,anual,sur,0
23,35,87153,5,mensual,norte,1
47,60,72652,6,mensual,centro,0
21,39,65684,4,anual,sur,0
64,33,30077,8,mensual,sur,0
40,37,67548,7,bienal,norte,0
32,30,50827,4,anual,norte,0
26,42,66479,7,bienal,sur,1
29,45,100495,7,bienal,sur,0
46,15,54251,0,mensual,norte,0
59,45,85229,7,anual,norte,1
70,1,58788,5,anual,norte,1
58,30,78673,0,mensual,centro,0
24,30,83717,1,bienal,centro,0
31,57,28266,6,mensual,centro,1
65,40,32651,6,bienal,centro,1
60,51,82239,0,anual,centro,0
26,52,106163,8,anual,norte,0
66,22,13983,7,anual,sur,1
54,8,59706,7,mensual,norte,0
64,49,34334,4,mensual,centro,1
22,49,88400,8,mensual,sur,1
18,43,15277,2,anual,norte,0
50,46,61582,3,anual,centro,0
36,10,40114,5,anual,norte,1
72,30,98216,1,bienal,norte,0
41,28,66002,1,mensual,norte,1
61,47,96327,4,bienal,centro,0
50,58,112132,3,mensual,centro,1
28,30,108278,2,mensual,norte,0
20,44,41926,1,bienal,sur,1
51,46,110679,0,bienal,norte,0
50,45,13962,7,mensual,sur,1
59,36,31029,6,bienal,centro,0
39,52,49823,1,mensual,centro,0
68,28,74798,4,mensual,norte,0
20,28,56592,0,anual,norte,0
56,28,18860,1,anual,sur,1
19,50,106461,0,bienal,centro,0
73,15,91540,0,mensual,centro,0
65,26,21518,4,anual,norte,0
38,31,17191,8,mensual,sur,1
61,31,78232,5,anual,centro,0
58,26,70806,1,mensual,sur,0
43,9,72674,0,bienal,norte,0
65,32,104954,3,bienal,sur,0
62,23,114471,0,anual,sur,0
24,9,28581,6,anual,sur,0
54,13,118082,8,bienal,centro,0
56,18,108147,7,anual,centro,1
57,13,116525,8,bienal,centro,0
65,37,80780,0,bienal,sur,0
24,5,44780,1,bienal,norte,0
56,3,62887,6,mensual,norte,0
49,19,27670,4,mensual,norte,1
41,43,52497,1,bienal,centro,0
52,8,37563,5,anual,norte,0
33,5,58239,1,anual,centro,0
62,10,32445,7,mensual,centro,1
20,2,17250,5,bienal,centro,1
19,41,18651,7,mensual,norte,1
43,57,77795,8,bienal,norte,0
23,49,54120,7,anual,norte,0
55,39,27770,4,bienal,sur,0
32,15,34529,4,bienal,sur,0
24,42,118282,1,anual,sur,0
46,30,18338,6,anual,sur,0
41,7,80896,1,anual,sur,0
39,35,119697,2,mensual,sur,0
26,44,119847,0,mensual,centro,0
53,55,102751,3,bienal,centro,0
70,7,93511,6,anual,centro,0
59,59,51565,5,bienal,sur,1
65,17,31429,8,mensual,norte,0
53,57,15083,8,bienal,centro,1
74,40,54535,5,bienal,centro,1
69,43,97419,3,bienal,norte,0
58,43,96163,7,bienal,sur,0
62,55,105562,8,bienal,norte,0
28,8,119542,4,mensual,sur,0
22,48,19653,5,bienal,sur,1
20,24,94915,1,bienal,centro,0
49,36,21703,7,anual,centro,1
70,40,91131,6,mensual,centro,1
44,48,71472,0,bienal,norte,0
26,8,94213,0,mensual,centro,1
64,15,76195,2,bienal,norte,0
36,41,43289,6,anual,norte,0
33,8,68983,0,bienal,norte,0
63,2,67302,4,mensual,norte,0
19,4,47868,5,anual,sur,0
30,49,35946,3,mensual,norte,1
70,34,82961,2,anual,sur,0
36,43,22927,4,bienal,sur,0
67,42,71425,2,anual,sur,0
60,49,114944,1,bienal,norte,0
19,44,105832,2,bienal,sur,0
67,29,12023,5,anual,sur,1
62,31,13908,6,bienal,norte,1
57,56,54969,5,bienal,centro,1
65,53,46193,0,mensual,sur,0
18,22,119315,2,mensual,norte,0
59,25,53481,1,anual,norte,0
18,21,21113,5,bienal,sur,0
54,35,84270,5,mensual,sur,1
62,56,76202,6,anual,norte,0
36,19,101723,1,mensual,norte,1
38,55,66432,3,bienal,centro,0
61,29,107741,4,anual,norte,0
49,19,87582,3,mensual,norte,0
41,49,99010,5,mensual,norte,0
42,24,28876,4,mensual,centro,0
40,12,24613,6,mensual,sur,0
46,7,88669,1,anual,centro,0
35,39,36884,4,anual,sur,0
36,22,103365,4,anual,centro,0
39,49,69532,3,bienal,centro,0
48,52,61178,3,bienal,centro,0
75,46,50519,4,mensual,centro,0
43,21,119774,1,mensual,norte,0
45,7,68050,4,anual,norte,0
25,55,81155,3,bienal,centro,0
62,45,53426,0,mensual,sur,0
48,52,118897,3,anual,centro,0
71,2,57272,3,mensual,centro,0
57,46,82719,2,bienal,centro,0
55,54,38244,4,mensual,centro,0
37,12,107964,8,anual,norte,0
47,52,54649,7,mensual,norte,1
54,42,48463,3,bienal,norte,0
72,57,39669,1,mensual,norte,0
36,21,76007,0,mensual,sur,0
52,16,13771,8,bienal,centro,0
52,53,30922,2,mensual,norte,0
57,33,33533,1,mensual,norte,0
25,32,56086,5,mensual,norte,1
54,13,106571,1,mensual,sur,0
69,51,10040,5,anual,sur,0
72,4,81332,5,mensual,sur,0
64,48,87107,7,mensual,norte,0
62,29,66381,8,mensual,norte,1
49,15,42586,2,mensual,centro,1
45,5,33690,3,mensual,norte,1
32,6,69165,3,anual,norte,0
43,43,17455,1,mensual,sur,0
48,50,100926,2,anual,norte,1
37,60,49637,2,mensual,norte,1
61,15,87246,4,anual,centro,0
28,43,92576,4,anual,centro,0
22,20,8837,6,bienal,sur,0
49,40,119672,8,bienal,centro,0
54,53,79152,4,bienal,sur,0
53,15,42545,6,mensual,centro,1
40,8,45292,6,bienal,centro,0
45,10,18069,0,bienal,norte,1
49,6,118466,4,mensual,centro,1
68,59,82360,6,bienal,sur,1
43,9,63694,1,bienal,sur,0
75,52,88421,6,bienal,sur,0
49,46,12763,5,bienal,sur,1
18,47,66174,8,mensual,sur,0
25,19,19083,7,anual,centro,0
50,16,47113,7,bienal,centro,0
44,52,117423,4,anual,sur,0
19,58,87202,5,mensual,centro,0
67,9,59462,5,bienal,centro,0
23,53,77254,5,mensual,norte,1
50,17,90902,6,anual,sur,0
43,25,20929,5,anual,norte,1
65,48,10393,7,mensual,norte,0
21,28,85656,7,bienal,sur,0
55,35,114785,7,mensual,norte,1
39,21,93132,3,bienal,sur,0
72,38,28581,8,mensual,sur,0
60,40,24622,1,bienal,centro,0
38,48,65188,2,anual,sur,0
37,14,47056,3,bienal,centro,0
18,40,39949,7,bienal,sur,0
22,10,45109,8,bienal,centro,1
29,33,58234,6,bienal,centro,0
22,9,38301,7,mensual,sur,1
39,9,27653,6,mensual,norte,1
25,53,29154,3,anual,sur,0
56,57,43745,0,mensual,centro,1
74,46,27544,3,bienal,centro,0
22,23,43775,4,mensual,sur,1
28,34,39745,7,bienal,centro,1
19,28,16834,4,anual,centro,1
66,26,96610,8,mensual,sur,0
24,40,11519,7,anual,norte,1
47,10,26865,1,bienal,sur,0
31,37,22149,3,anual,norte,0
56,47,24634,3,anual,norte,0
73,23,102567,6,bienal,sur,0
41,52,50931,5,mensual,sur,1
60,44,47103,4,mensual,centro,0
67,26,45236,0,bienal,centro,0
33,32,55967,5,bienal,norte,0
42,42,89984,3,mensual,sur,0
36,51,27201,6,mensual,sur,0
46,10,45871,6,anual,norte,1
46,41,87183,6,anual,centro,0
40,13,56347,3,bienal,centro,1
64,8,43547,3,mensual,norte,1
44,7,34465,5,mensual,centro,0
52,34,61168,3,bienal,norte,0
51,54,54465,4,mensual,norte,1
59,43,114906,0,bienal,sur,0
58,43,30100,2,mensual,centro,1
20,2,93976,7,bienal,sur,1
44,28,61130,1,anual,sur,0
68,12,27684,7,mensual,centro,0
24,7,106799,2,mensual,sur,0
72,56,77102,1,bienal,sur,0
54,36,19602,6,mensual,centro,1
24,56,56024,0,anual,norte,0
64,30,8304,4,mensual,sur,1
60,21,101394,8,mensual,centro,0
66,21,63031,1,mensual,centro,1
54,31,34453,1,bienal,sur,0
47,8,109781,1,bienal,centro,0
52,23,110174,6,bienal,norte,0
22,14,70272,2,anual,sur,0
26,33,41724,7,mensual,sur,1
71,20,117612,6,bienal,sur,1
71,5,101373,1,anual,sur,0
63,18,75656,0,anual,norte,0
53,1,107646,4,anual,norte,1
33,4,40771,5,bienal,norte,0
67,7,26434,1,mensual,centro,1
74,4,112851,0,bienal,norte,0
49,57,72873,6,bienal,centro,1
26,56,28777,0,bienal,norte,0
42,43,113850,3,bienal,sur,0
63,44,66428,8,bienal,centro,0
33,39,90681,6,mensual,sur,1
64,47,17564,6,bienal,norte,1
57,53,119438,3,anual,norte,0
70,51,105376,1,anual,norte,0
28,57,31063,3,anual,norte,0
75,41,74177,6,anual,centro,0
68,50,119812,8,anual,sur,0
51,34,74519,0,bienal,centro,0
57,40,50236,5,bienal,norte,0
60,7,53570,6,mensual,norte,1
55,53,65124,4,bienal,norte,0
29,5,112464,2,anual,sur,0
58,34,51659,4,mensual,norte,0
67,52,74474,4,bienal,centro,0
52,34,88291,8,mensual,norte,1
43,8,75147,7,mensual,norte,0
47,42,34692,3,bienal,sur,1
70,23,10410,3,mensual,centro,0
67,31,56510,2,bienal,centro,1
45,27,82583,0,bienal,centro,0
45,2,78370,2,bienal,centro,0
73,35,59924,6,bienal,norte,0
35,8,99368,8,mensual,norte,0
47,2,87134,3,bienal,norte,0
55,44,40214,2,mensual,centro,0
30,28,73629,2,anual,sur,0
43,34,56816,0,bienal,centro,1
34,48,73138,8,bienal,sur,0
51,53,14316,8,mensual,centro,1
44,46,22120,3,bienal,norte,0
50,17,58969,4,bienal,centro,0
34,1,97119,6,bienal,norte,1
58,22,60644,0,mensual,sur,0
52,58,106603,8,anual,sur,1
35,3,40466,8,bienal,centro,0
61,45,115031,8,anual,centro,1
22,53,89074,2,bienal,norte,0
49,45,71263,5,mensual,centro,0
40,19,13700,5,anual,norte,1
66,39,63172,5,anual,centro,0
28,7,19986,4,anual,norte,0
65,6,115869,6,anual,sur,0
28,59,48492,6,anual,sur,0
68,30,20429,7,anual,norte,1
72,53,53613,8,anual,norte,0
48,3,18014,6,bienal,sur,1
54,4,109685,4,bienal,sur,1
66,10,76192,4,bienal,norte,0
23,30,22488,0,mensual,centro,0
45,21,67958,6,mensual,centro,1
36,8,54819,5,anual,centro,0
38,11,118922,2,bienal,sur,1
75,47,15537,0,bienal,centro,0
62,43,64610,3,bienal,norte,0
40,12,53172,8,mensual,centro,0
21,17,101797,1,bienal,centro,1
64,55,98551,6,bienal,centro,1
19,5,19883,5,anual,centro,1
23,53,24319,7,bienal,centro,1
75,8,56868,1,anual,centro,0
46,54,77608,7,bienal,sur,1
48,8,68107,0,bienal,norte,1
21,30,56136,1,mensual,norte,0
62,47,74325,6,bienal,norte,1
38,19,23586,3,bienal,norte,0
48,1,25400,1,anual,sur,0
58,8,36863,4,mensual,sur,0
67,36,80851,1,mensual,sur,0
28,14,26684,1,bienal,norte,0
37,11,119954,6,bienal,norte,1
38,55,115133,8,mensual,centro,1
33,20,51842,3,mensual,centro,0
35,53,10136,8,anual,sur,0
33,12,8798,2,anual,norte,0
25,15,102550,5,mensual,sur,1
33,51,73882,8,bienal,norte,1
28,16,65282,2,anual,centro,0
37,32,36259,3,anual,norte,0
60,57,58803,5,bienal,norte,0
67,45,80650,3,mensual,sur,0
32,59,35820,8,bienal,sur,0
59,10,36648,4,mensual,norte,1
41,10,49466,4,bienal,centro,0
56,23,102152,2,bienal,sur,0
54,27,103574,7,mensual,norte,0
64,19,43778,2,bienal,centro,0
32,54,68236,1,mensual,centro,1
36,54,104454,8,mensual,sur,1
61,35,96547,5,anual,sur,0
63,57,31479,1,mensual,norte,1
66,1,66272,0,mensual,centro,1
53,25,39083,8,mensual,sur,0
64,11,22609,3,bienal,sur,0
63,2,88877,0,mensual,centro,1
68,37,119240,6,mensual,sur,1
75,10,71988,2,anual,centro,0
58,30,54974,3,anual,norte,0
70,47,12502,7,anual,norte,1
47,55,69387,5,mensual,centro,1
70,46,12787,4,anual,norte,0
45,52,116784,2,bienal,centro,0
37,38,35689,7,anual,sur,0
54,37,30586,7,bienal,norte,0
70,20,44837,1,anual,centro,0
27,27,113793,6,mensual,norte,1
61,54,79197,7,bienal,centro,1
66,56,117348,0,mensual,norte,1
69,36,44685,1,mensual,sur,0
54,19,18530,6,anual,centro,0
57,35,98342,5,bienal,norte,0
28,42,39542,3,anual,sur,0
45,54,9321,6,mensual,centro,1
35,7,33058,8,anual,sur,0
47,50,83216,4,mensual,sur,1
23,23,12361,6,bienal,centro,1
52,21,87926,5,anual,centro,0
39,15,114703,0,mensual,sur,1
38,23,29926,8,mensual,centro,0
51,31,55499,6,mensual,norte,1
20,42,8839,3,bienal,norte,1
34,54,29139,3,bienal,centro,0
64,26,115592,5,anual,norte,1
72,39,45118,4,anual,norte,1
41,27,28500,1,anual,centro,0
35,52,46993,4,bienal,norte,0
29,30,72289,2,mensual,norte,0
63,28,119598,4,mensual,norte,0
44,55,30570,6,anual,centro,0
57,43,98659,8,mensual,centro,1
67,9,28728,3,mensual,centro,1
44,48,95655,5,bienal,norte,0
27,30,109966,7,bienal,centro,1
30,39,25535,3,anual,norte,0
67,13,26980,4,anual,centro,0
21,21,108383,4,bienal,centro,0
26,4,10063,8,mensual,centro,1
70,26,104194,5,anual,centro,0
51,18,86335,0,anual,centro,0
18,20,9870,4,mensual,sur,0
60,16,27036,1,anual,norte,0
55,8,55774,0,mensual,centro,0
58,47,68020,6,mensual,norte,1
75,31,85740,3,bienal,sur,0
56,30,42289,6,mensual,norte,1
30,44,54166,7,anual,norte,1
22,46,43805,4,mensual,norte,1
40,59,34347,2,bienal,sur,0
45,1,15816,4,mensual,sur,1
22,29,82964,7,anual,sur,1
49,10,18562,0,bienal,centro,1
66,16,107631,7,bienal,sur,1
72,31,55788,4,anual,centro,0
22,60,86725,6,bienal,sur,1
64,60,11043,1,anual,centro,0
23,12,30030,1,bienal,sur,0
54,15,76997,2,anual,sur,0
23,35,40675,2,mensual,centro,1
70,11,103752,5,bienal,centro,1
37,26,29095,1,anual,norte,0
22,52,81006,5,mensual,norte,1
63,43,48922,1,mensual,norte,1
43,20,49581,0,anual,sur,0
37,23,82611,6,anual,centro,1
35,60,87418,1,mensual,centro,0
52,28,76621,0,anual,sur,0
51,36,73107,8,bienal,centro,0
55,53,27901,4,mensual,sur,1
32,14,53950,2,anual,centro,0
35,20,27888,0,anual,norte,0
45,60,100894,0,anual,sur,0
54,34,13100,4,bienal,centro,0
46,8,78726,1,mensual,centro,0
35,40,48473,0,bienal,centro,0
66,49,25382,6,mensual,norte,0
69,52,13475,2,anual,norte,0
42,33,70410,6,anual,norte,0
60,49,107020,8,anual,norte,0
27,57,100321,1,anual,norte,0
59,3,47670,8,anual,norte,0
43,5,95246,1,anual,norte,0
40,59,29843,3,anual,sur,0
63,1,86155,4,mensual,norte,1
59,35,43474,3,mensual,centro,1
32,43,93725,4,bienal,centro,0
31,55,29623,4,bienal,sur,1
50,53,56025,6,anual,centro,1
45,4,80600,8,anual,sur,1
20,25,39408,2,anual,sur,0
18,29,65987,0,anual,centro,0
20,47,105412,1,mensual,sur,0
22,28,68953,4,mensual,sur,0
63,1,9742,5,bienal,norte,0
56,23,77719,2,bienal,centro,1
26,36,113935,7,bienal,centro,0
28,36,76247,7,bienal,centro,0
71,5,58138,6,mensual,sur,1
27,40,45613,8,mensual,centro,1
18,59,35755,6,anual,centro,0
55,43,55641,7,anual,norte,1
27,44,32954,7,mensual,norte,0
55,15,109082,4,anual,sur,0
25,1,37190,0,mensual,centro,1
34,20,90917,4,anual,norte,1
64,16,94463,1,mensual,sur,0
74,11,11964,2,anual,sur,0
54,13,54801,6,bienal,sur,0
56,60,82279,3,anual,centro,0
69,58,21220,0,bienal,centro,0
46,39,61163,2,anual,centro,0
40,24,84270,3,mensual,norte,0
66,2,59694,7,anual,sur,1
54,50,84320,0,mensual,centro,0
65,47,81205,3,bienal,centro,0
54,43,39899,6,bienal,norte,0
21,28,42145,1,anual,centro,0
18,15,86233,4,bienal,centro,0
31,27,103380,5,mensual,sur,1
72,51,43526,8,bienal,centro,0
70,10,118478,5,mensual,centro,1
40,15,58591,6,mensual,norte,1
56,21,89823,5,mensual,centro,1
34,39,50076,6,mensual,centro,1
29,10,44398,8,bienal,centro,0
50,51,41279,3,mensual,norte,0
51,58,44100,4,bienal,norte,1
66,26,64713,6,mensual,norte,1
49,4,10354,1,anual,norte,1
48,18,116017,1,mensual,centro,1
35,47,105608,5,anual,centro,0
59,8,70261,8,mensual,sur,0
58,42,23692,0,mensual,sur,0
35,59,75045,5,bienal,centro,0
25,33,68934,4,bienal,centro,0
38,25,78458,7,bienal,norte,1
35,10,53289,3,mensual,norte,0
57,58,67789,7,mensual,centro,1
29,28,44740,4,bienal,norte,0
40,41,117794,5,anual,sur,1
69,17,77157,8,bienal,centro,1
73,29,60327,8,bienal,sur,0
21,58,71866,0,mensual,centro,0
49,4,21228,7,anual,sur,1
32,54,71330,8,bienal,sur,0
53,11,67548,4,bienal,norte,0
38,24,75551,2,mensual,centro,1
57,55,85161,8,bienal,sur,1
61,52,84243,3,anual,centro,0
20,25,81814,6,anual,norte,0
18,12,111164,0,anual,sur,0
74,11,111065,5,anual,centro,0
71,57,35682,1,anual,sur,0
45,9,118312,7,bienal,norte,1
72,43,36167,3,bienal,norte,0
72,22,103763,7,mensual,centro,1
68,41,14712,7,anual,norte,0
44,60,67840,6,anual,sur,0
49,39,85337,4,anual,norte,0
42,39,45250,5,mensual,norte,1
18,27,82113,0,anual,centro,0
66,15,20133,8,bienal,norte,0
57,7,113645,8,bienal,norte,1
21,24,59063,7,anual,sur,0
37,1,87830,5,mensual,sur,1
54,37,15996,2,anual,sur,0
69,9,56830,7,anual,sur,0
52,39,49619,8,anual,sur,0
59,47,21627,1,bienal,norte,0
74,41,70137,7,bienal,sur,0
28,1,117947,1,mensual,sur,0
38,60,114854,2,mensual,sur,0
31,37,52593,1,mensual,norte,1
18,4,83109,0,mensual,centro,1
23,27,116749,5,mensual,sur,1
72,53,28308,8,bienal,norte,1
56,17,102316,3,bienal,centro,0
36,40,32996,4,anual,centro,0
47,41,78981,1,bienal,centro,0
70,39,88579,5,anual,sur,0
35,28,93932,2,anual,sur,0
50,14,94410,7,bienal,norte,0
36,29,55236,7,anual,norte,0
63,53,116269,6,mensual,sur,1
53,39,44943,3,mensual,centro,0
68,11,88888,4,mensual,norte,0
42,54,37507,1,mensual,sur,1
35,13,51446,1,anual,norte,0
30,41,80305,7,bienal,centro,0
34,1,13889,6,anual,sur,1
31,6,64634,4,anual,sur,0
63,56,57455,3,mensual,centro,0
64,16,40026,0,anual,sur,0
32,17,10324,4,bienal,centro,0
72,9,18978,8,mensual,norte,0
34,10,73967,6,anual,sur,0
27,59,114057,2,anual,sur,0
19,55,17323,0,mensual,sur,1
59,30,114756,2,mensual,centro,1
39,52,58347,0,bienal,norte,0
31,28,58090,4,mensual,norte,1
56,17,104691,1,mensual,centro,1
18,18,16669,1,anual,centro,0
64,20,14639,0,anual,centro,0
59,43,18079,0,anual,sur,1
36,52,22744,8,anual,norte,1
72,8,68101,0,mensual,sur,0
54,34,38474,8,mensual,centro,1
35,30,17819,6,anual,sur,1
71,20,68769,7,bienal,sur,0
44,49,100345,6,bienal,norte,1
31,12,25425,2,anual,centro,0
28,50,56751,3,bienal,sur,1
25,15,12521,2,anual,norte,0
58,25,10944,1,mensual,norte,0
48,29,62411,8,mensual,centro,1
66,9,22615,6,mensual,centro,1
24,42,90828,7,mensual,centro,1
73,24,116053,3,bienal,sur,0
38,54,56684,6,bienal,centro,0
52,9,9021,5,mensual,norte,1
36,11,43923,6,mensual,norte,0
57,59,94117,8,anual,sur,0
20,50,59257,5,anual,centro,1
32,36,117511,0,mensual,sur,0
46,51,93968,1,mensual,sur,0
74,28,26890,0,anual,centro,0
27,46,101354,6,mensual,centro,1
21,2,108419,7,bienal,sur,0
37,33,65982,5,bienal,norte,0
59,31,85323,8,mensual,norte,1
28,45,86251,1,anual,centro,0
74,16,81638,1,mensual,sur,0
39,48,85890,4,anual,centro,0
65,28,35256,7,bienal,centro,1
70,45,27070,6,bienal,centro,1
31,15,47907,2,bienal,sur,0
56,15,40219,3,anual,norte,0
19,56,112619,7,anual,centro,1
46,38,43862,2,bienal,norte,0
36,35,83982,2,mensual,norte,0
62,49,88332,2,mensual,sur,0
52,16,17339,2,bienal,sur,0
19,3,22752,4,bienal,norte,1
63,38,96053,6,anual,sur,0
59,8,66959,3,anual,sur,0
50,8,106782,0,anual,sur,0
50,29,101078,8,anual,centro,0
48,35,34602,2,bienal,norte,0
58,33,100552,2,anual,norte,0
29,15,39488,5,bienal,centro,0
26,54,105721,1,bienal,norte,0
31,27,46063,7,mensual,norte,1
26,26,81002,3,mensual,norte,0
56,43,64787,6,mensual,norte,1
39,1,57725,2,mensual,sur,0
56,48,86754,4,mensual,norte,0
38,53,60343,7,bienal,centro,0
27,12,13195,8,bienal,sur,0
48,42,76192,6,anual,centro,0
47,18,9591,6,anual,centro,0
21,40,73886,0,anual,norte,0
29,12,99120,2,mensual,centro,0
56,42,108325,7,bienal,sur,0
60,50,96975,7,mensual,sur,1
75,24,108186,2,anual,norte,0
38,21,70877,3,anual,sur,0
57,27,90379,6,bienal,norte,1
73,29,27813,2,bienal,centro,0
44,58,47515,6,anual,centro,1
73,3,59886,7,mensual,norte,0
39,55,113056,6,bienal,norte,0
52,3,101351,1,anual,norte,0
25,35,63596,4,bienal,centro,0
57,36,19641,6,mensual,sur,0
19,40,106383,4,bienal,centro,0
65,15,34367,4,bienal,norte,0
73,53,20317,5,bienal,norte,0
47,13,8512,2,anual,norte,1
37,29,36837,8,anual,norte,0
46,58,8046,0,bienal,sur,0
73,14,25682,0,bienal,centro,0
55,5,102079,4,anual,norte,0
73,32,111886,1,anual,centro,0
64,25,118547,8,anual,sur,1
43,23,19813,2,mensual,centro,1
53,6,12458,0,anual,sur,0
47,54,96114,4,anual,sur,0
53,33,37296,8,anual,centro,1
55,13,25091,2,mensual,centro,1
24,45,83466,6,anual,sur,0
52,52,48009,7,mensual,norte,0
21,34,106497,3,mensual,centro,0
60,26,117519,6,bienal,sur,1
61,49,69092,6,anual,norte,0
21,14,75851,3,anual,centro,0
61,37,118567,1,anual,sur,0
61,42,103992,6,anual,norte,1
32,5,76417,1,mensual,sur,0
52,60,34316,6,mensual,centro,1
67,57,41418,8,anual,sur,0
68,4,82542,3,bienal,centro,0
23,4,55440,2,anual,norte,1
26,46,24731,8,bienal,centro,0
50,33,28674,3,anual,norte,0
57,23,39574,2,bienal,norte,1
29,43,60255,3,mensual,centro,1
47,18,34074,4,mensual,sur,0
55,21,100370,2,mensual,sur,1
64,9,35944,1,mensual,norte,0
41,24,69421,3,bienal,centro,0
61,46,118178,4,bienal,sur,0
33,6,111950,7,anual,centro,0
70,3,88733,2,bienal,sur,1
26,3,46617,7,anual,norte,1
58,11,10692,6,bienal,centro,1
48,59,109258,4,bienal,centro,0
26,40,119746,6,mensual,centro,0
44,22,79505,7,mensual,centro,1
24,46,25675,7,anual,norte,0
36,22,84305,6,mensual,norte,0
54,19,57601,3,bienal,centro,0
39,45,70433,0,bienal,centro,0
74,29,114416,5,anual,sur,0
53,40,39652,3,mensual,sur,0
64,39,52776,6,anual,norte,1
25,18,12411,4,anual,norte,0
74,20,95573,1,anual,norte,0
70,31,52448,1,bienal,centro,0
50,9,103240,3,bienal,centro,0
18,17,52363,5,mensual,centro,1
62,41,13218,4,mensual,norte,1
38,44,70128,6,anual,sur,1
73,38,45470,8,bienal,centro,1
35,12,42745,1,bienal,centro,0
59,45,70433,5,mensual,centro,1
48,44,89526,6,anual,sur,0
64,34,101435,0,mensual,centro,0
66,40,43811,1,anual,centro,1
74,57,14281,2,mensual,norte,0
43,18,62741,1,mensual,norte,0
71,31,27141,4,mensual,sur,1
52,2,38076,8,mensual,centro,1
38,29,40430,8,mensual,norte,0
44,16,61208,7,mensual,sur,1
30,41,56588,1,mensual,norte,0
45,16,59787,2,anual,centro,0
70,39,55709,4,anual,centro,1
71,11,39729,8,mensual,norte,1
51,51,13400,7,bienal,centro,0
41,37,69093,6,bienal,norte,1
31,52,104519,8,mensual,sur,1
23,60,25204,1,mensual,norte,0
50,7,48684,7,bienal,norte,1
30,26,53292,5,anual,norte,1
67,34,69346,0,mensual,sur,0
36,18,91210,0,anual,centro,0
37,39,15210,8,mensual,norte,1
48,10,112700,5,bienal,norte,1
63,19,57688,2,anual,sur,0
27,26,99909,0,anual,norte,0
59,21,28069,2,anual,sur,0
45,4,85482,0,bienal,sur,0
58,17,71909,8,bienal,norte,0
69,22,44355,8,mensual,sur,1
65,37,92541,7,anual,sur,0
18,56,75447,5,bienal,centro,1
63,54,12429,3,bienal,norte,0
71,3,75842,6,mensual,centro,1
32,7,56090,6,mensual,sur,1
44,1,77082,0,anual,norte,1
54,33,15957,7,bienal,norte,1
21,36,9801,6,bienal,norte,0
39,14,48772,8,anual,centro,0
74,2,54654,1,anual,norte,0
59,14,105835,5,bienal,sur,0
43,14,22205,2,mensual,norte,0
29,55,46537,3,anual,centro,0
54,60,113354,0,bienal,norte,0
30,27,30233,1,anual,sur,0
48,53,65786,8,mensual,norte,0
18,6,55304,6,mensual,sur,1
59,3,98612,4,mensual,norte,0
24,49,76458,4,bienal,centro,0
66,60,100710,3,bienal,sur,1
33,27,77228,8,anual,centro,0
58,7,27352,5,bienal,centro,0
49,53,84058,4,anual,centro,0
44,22,35492,8,bienal,norte,0
18,27,47963,7,bienal,norte,1
64,12,37110,1,bienal,norte,0
27,36,118915,4,mensual,centro,0
25,53,39075,7,mensual,sur,1
57,1,12713,2,mensual,centro,1
62,8,25666,0,mensual,norte,0
34,24,22179,2,bienal,norte,0
23,25,11071,6,mensual,centro,1
56,19,62589,5,anual,norte,0
54,50,50969,3,bienal,norte,0
45,3,78006,4,mensual,sur,1
55,24,13864,6,bienal,sur,0
33,60,8396,5,anual,sur,1
63,6,55718,6,anual,norte,0
35,58,68307,7,bienal,sur,1
48,40,61555,0,mensual,sur,0
38,54,95486,5,bienal,norte,1
45,43,66683,6,anual,norte,0
53,29,55375,5,anual,centro,0
36,5,37374,1,bienal,centro,1
28,8,53549,4,mensual,sur,0
39,18,14599,7,mensual,centro,1
24,58,44360,1,anual,centro,0
39,24,17544,5,anual,centro,1
68,15,93251,5,mensual,centro,1
63,26,43374,8,mensual,sur,0
30,53,65056,6,anual,centro,1
50,52,17825,6,mensual,norte,1
26,50,64085,5,anual,sur,1
31,34,102647,5,bienal,norte,1
62,21,96757,0,anual,norte,0
25,14,24198,1,anual,centro,0
72,27,102332,2,bienal,sur,0
44,27,49802,3,anual,centro,1
73,6,27065,3,bienal,centro,0
36,54,111274,6,anual,norte,1
56,32,104676,1,mensual,norte,0
71,58,41123,8,anual,norte,0
71,3,87867,2,mensual,centro,0
28,16,17824,4,anual,centro,0
30,32,52643,0,anual,centro,0
21,1,96448,3,anual,sur,0
33,26,51156,5,mensual,sur,0
71,55,79782,5,mensual,norte,0
43,3,36981,4,bienal,centro,0
45,57,80727,0,anual,norte,0
61,24,57402,6,anual,norte,1
44,21,46157,8,mensual,centro,1
37,23,11160,4,mensual,norte,0
75,1,42104,0,anual,norte,0
32,51,65607,7,bienal,sur,0
23,41,20305,2,mensual,centro,0
43,9,78072,8,bienal,centro,1
47,32,106003,3,bienal,norte,0
61,55,32504,8,bienal,norte,0
47,52,54834,5,anual,centro,0
44,20,98321,4,bienal,norte,0
55,60,30793,7,anual,centro,1
55,27,38945,7,anual,sur,1
51,12,111799,5,bienal,sur,0
36,33,100078,5,anual,sur,0
27,40,15350,8,mensual,sur,1
67,27,27112,8,anual,norte,0
32,43,75437,1,mensual,centro,0
23,51,92623,8,bienal,norte,1
57,24,118105,1,anual,sur,0
44,4,17070,0,anual,norte,1
31,41,80395,8,mensual,centro,0
69,34,88452,7,mensual,sur,0
67,32,27224,3,mensual,norte,1
43,59,29994,3,mensual,centro,0
43,57,39126,1,bienal,centro,1
19,54,70025,8,anual,centro,0
34,46,19036,5,anual,sur,1
60,3,66629,8,bienal,sur,1
44,8,16351,0,bienal,centro,0
36,51,97916,0,bienal,sur,0
29,57,74616,5,bienal,sur,1
74,48,100100,6,bienal,centro,1
44,6,63520,6,anual,centro,0
33,19,116301,5,anual,sur,1
71,39,96426,2,mensual,centro,1
40,49,61159,5,mensual,sur,0
58,35,49095,8,mensual,centro,1
32,49,62573,6,bienal,sur,0
28,19,97864,8,mensual,norte,1
59,57,61204,0,mensual,norte,0
75,8,92344,5,bienal,norte,0
63,56,22996,3,bienal,sur,0
23,8,87046,6,mensual,centro,0
71,31,71445,4,anual,sur,0
60,11,68605,8,bienal,norte,1
32,4,19713,6,bienal,norte,1
33,60,95225,1,bienal,norte,0
71,41,50818,6,anual,centro,0
20,5,10057,8,bienal,centro,1
35,38,96423,5,bienal,centro,1
26,14,80076,2,bienal,centro,0
45,52,77559,4,mensual,norte,0
30,48,83254,1,anual,sur,0
51,38,86307,4,anual,norte,0
69,38,37441,7,bienal,sur,0
28,21,43354,6,mensual,norte,1
47,23,101247,8,bienal,sur,0
73,52,31710,6,mensual,sur,1
39,50,92011,7,mensual,centro,0
55,31,9077,2,bienal,sur,0
22,3,115504,6,anual,centro,1
31,59,118459,2,bienal,norte,0
35,30,54765,7,anual,centro,1
25,51,75140,2,mensual,sur,1
45,59,91348,5,anual,norte,1
46,4,47356,4,mensual,centro,1
35,45,17887,1,mensual,norte,0
34,46,109310,7,anual,centro,1
59,42,27363,1,bienal,centro,0
47,12,60460,3,anual,norte,0
21,53,17961,1,bienal,centro,1
59,45,56820,4,bienal,norte,0
66,54,89861,4,anual,sur,1
26,3,88632,8,mensual,centro,1
29,27,62038,4,anual,norte,0
48,57,19451,2,bienal,sur,0
74,24,43256,3,anual,sur,0
53,38,102740,5,anual,centro,1
64,22,35330,4,bienal,norte,0
24,38,72990,5,bienal,norte,1
63,17,113081,5,bienal,centro,0
60,14,81034,1,anual,sur,0
43,6,52986,3,anual,norte,1
68,34,80725,1,mensual,sur,1
35,10,58865,0,bienal,centro,0
52,52,56240,0,mensual,centro,0
19,60,54232,0,mensual,centro,0
20,37,115570,6,mensual,centro,1
54,19,47356,4,bienal,norte,0
46,31,77765,4,bienal,norte,0
63,18,92662,3,bienal,sur,0
31,41,118543,1,bienal,centro,1
18,49,55015,0,anual,norte,0
59,49,97175,2,mensual,sur,0
53,44,34015,3,bienal,sur,0
57,28,99698,2,anual,norte,0
41,59,65763,0,anual,norte,0
26,26,76241,6,bienal,norte,0
44,42,37518,5,bienal,centro,0
37,4,86557,5,mensual,sur,1
67,2,49758,3,anual,centro,0
68,57,47910,6,mensual,sur,0
46,27,83508,2,bienal,norte,0
73,39,15860,6,bienal,norte,1
47,5,28766,6,mensual,centro,1
21,56,56169,7,mensual,norte,1
42,1,47397,7,mensual,centro,1
55,49,112301,7,anual,norte,0
32,28,23925,5,bienal,centro,0
20,54,42405,5,bienal,norte,1
28,12,118309,5,anual,sur,0
71,36,65453,5,anual,sur,0
61,46,76065,5,anual,centro,0
49,40,9067,6,mensual,sur,1
32,25,85214,8,bienal,sur,0
50,57,60269,8,anual,sur,1
32,57,107005,7,bienal,norte,0
31,22,89490,2,mensual,centro,0
73,29,115115,7,anual,norte,0
23,7,13097,8,bienal,norte,0
46,30,10785,1,bienal,centro,0
36,24,52757,6,mensual,sur,1
35,52,60287,7,mensual,centro,0
26,5,56291,7,anual,sur,1
33,27,102827,0,anual,sur,0
41,29,83054,0,anual,norte,0
62,28,76033,8,mensual,sur,1
45,12,114759,2,bienal,sur,1
63,41,87526,2,bienal,centro,0
71,7,119465,0,mensual,norte,0
48,3,104225,1,anual,centro,0
52,54,118627,5,anual,norte,0
42,57,10566,0,mensual,sur,0
21,3,11207,5,bienal,centro,1
35,3,115682,1,mensual,sur,0
32,50,40040,5,bienal,centro,0
61,53,57057,4,bienal,sur,0
66,53,112634,2,anual,sur,0
48,11,114686,1,mensual,sur,1
65,10,59538,6,anual,centro,0
56,36,9843,3,bienal,norte,0
62,32,13250,2,mensual,norte,0
50,5,116864,8,mensual,norte,1
58,58,71007,6,bienal,centro,0
34,5,57980,5,bienal,centro,1
22,4,103896,4,anual,sur,0
53,32,113254,7,mensual,norte,1
46,3,112127,8,mensual,norte,1
52,14,67240,8,mensual,norte,0
37,41,17765,8,anual,norte,1
72,29,91199,7,mensual,centro,0
38,39,27151,0,bienal,sur,0
71,55,52516,8,mensual,centro,0
48,37,73387,7,anual,norte,1
69,23,103633,7,anual,norte,0
21,41,53229,1,mensual,centro,0
33,40,36752,1,bienal,norte,0
37,30,99816,6,bienal,sur,1
35,21,28063,4,mensual,centro,0
23,29,92909,8,anual,centro,0
66,44,104563,6,anual,sur,0
46,52,56541,5,bienal,sur,1
64,26,89775,6,anual,sur,1
50,43,46868,3,mensual,norte,0
58,46,50093,7,mensual,centro,0
43,42,54331,3,mensual,centro,0
32,23,77567,0,bienal,sur,0
70,41,39637,1,anual,centro,0
23,40,60853,3,bienal,norte,0
49,31,97526,2,bienal,norte,0
65,50,94524,7,mensual,sur,0
28,4,101438,1,anual,centro,1
46,10,64170,7,anual,sur,0
62,46,19996,2,anual,norte,1
21,29,55853,2,bienal,sur,0
72,10,49759,4,bienal,norte,0
55,56,17461,8,anual,centro,1
60,43,86633,2,mensual,norte,0
48,56,111606,4,bienal,sur,0
24,3,107950,2,bienal,centro,0
31,57,90826,0,mensual,norte,0
73,26,81090,2,mensual,centro,0
53,54,16026,0,mensual,centro,0
34,36,71335,7,bienal,norte,0
65,27,21649,0,anual,norte,0
43,39,40908,0,mensual,norte,1
40,24,117037,0,mensual,norte,0
28,20,87463,0,bienal,norte,1
22,21,94757,7,bienal,sur,1
29,26,83498,6,mensual,centro,0
41,54,23036,0,mensual,norte,1
47,19,8005,1,bienal,norte,0
69,1,59069,1,anual,sur,0
31,59,70732,2,anual,norte,0
47,45,103853,2,bienal,sur,0
20,60,95663,4,mensual,norte,0
58,21,93418,7,mensual,sur,0
35,56,65938,4,mensual,centro,0
34,9,50568,3,mensual,centro,0
48,18,23765,2,mensual,sur,0
42,37,111941,5,bienal,centro,0
27,56,86159,8,mensual,sur,0
27,57,68485,1,anual,sur,1
36,18,37667,1,bienal,norte,0
55,24,54445,8,mensual,centro,1
41,36,69194,4,bienal,norte,0
40,31,12157,3,anual,norte,0
74,36,47914,3,mensual,centro,0
72,19,61181,0,bienal,norte,0
55,34,25730,6,anual,norte,0
41,49,26959,4,bienal,norte,0
41,13,37740,8,anual,norte,1
26,17,101713,2,bienal,norte,0
51,21,54883,1,anual,sur,0
59,35,65531,3,bienal,norte,0
37,31,111669,3,bienal,centro,0
68,2,105129,8,anual,centro,1
67,35,27433,3,mensual,centro,0
51,17,50550,1,bienal,sur,0
27,42,72840,0,mensual,sur,0
22,14,114264,8,mensual,norte,0
19,29,56911,5,anual,sur,1
29,13,43718,4,mensual,centro,0
44,52,97808,8,bienal,norte,1
39,16,87643,4,anual,norte,0
40,9,32297,8,bienal,centro,0
65,41,107677,4,mensual,sur,0
32,3,114053,3,anual,centro,0
18,18,63317,0,mensual,centro,1
22,1,76311,5,mensual,centro,1
62,26,45087,8,anual,norte,0
72,54,42408,8,mensual,norte,0
67,46,60352,8,bienal,sur,0
59,40,38605,7,bienal,centro,1
23,51,22534,8,bienal,sur,0
72,17,55659,0,bienal,norte,0
56,41,33429,3,anual,norte,0
48,19,80866,2,mensual,sur,0
74,44,107835,2,anual,norte,0
45,23,70956,3,bienal,sur,0
59,45,50372,6,anual,norte,0
69,19,14069,0,bienal,centro,0
66,32,13330,2,anual,norte,0
35,30,55722,8,bienal,norte,0
39,11,114484,6,mensual,sur,0
65,59,118701,6,anual,norte,0
66,49,106362,6,bienal,centro,1
31,41,21688,2,bienal,sur,1
53,30,90867,7,bienal,centro,1
41,20,90698,7,bienal,centro,0
35,53,91891,7,anual,norte,0
73,4,118442,4,mensual,centro,1
55,4,48968,2,bienal,sur,1
21,3,52179,4,mensual,centro,1
64,28,112232,5,bienal,centro,0
60,30,87576,5,bienal,sur,1
19,27,38760,6,bienal,centro,0
43,49,92914,0,mensual,sur,0
63,39,118894,6,mensual,sur,0
72,23,9041,4,mensual,sur,1
67,44,114134,8,anual,centro,0
66,36,17183,6,bienal,centro,1
32,54,87341,1,anual,centro,0
57,42,112052,0,bienal,sur,0
30,24,23959,0,mensual,centro,1
25,57,51748,7,mensual,centro,0
31,29,115731,6,bienal,sur,0
33,24,102108,6,mensual,centro,0
42,51,70315,6,bienal,norte,0
37,43,102370,0,anual,centro,0
25,38,119825,3,bienal,sur,0
36,31,22011,8,bienal,norte,0
44,24,82417,4,bienal,norte,0
44,41,57992,5,mensual,sur,1
44,8,90277,5,anual,centro,1
42,7,63705,4,anual,norte,0
55,18,31558,2,mensual,sur,0
64,55,115507,4,mensual,sur,0
49,58,98518,7,bienal,centro,0
65,25,119063,5,bienal,centro,1
54,51,95187,2,mensual,centro,0
67,46,101752,4,bienal,sur,0
18,35,79649,7,anual,norte,1
73,54,35343,3,bienal,sur,0
27,52,54001,6,bienal,centro,0
65,44,119157,7,anual,centro,0
69,25,115345,5,bienal,norte,1
46,28,59186,4,mensual,centro,0
64,8,17437,7,anual,norte,0
74,25,16244,1,anual,sur,1
40,6,25840,4,mensual,norte,0
49,55,88121,3,bienal,sur,0
29,2,118709,8,bienal,centro,0
32,43,99436,7,anual,centro,0
60,2,78136,8,bienal,centro,0
20,39,26488,0,bienal,sur,0
61,10,88141,3,bienal,sur,0
54,11,50907,3,bienal,norte,0
53,44,27091,8,bienal,norte,0
33,16,31014,2,bienal,sur,0
33,45,40460,2,mensual,sur,0
29,5,41272,5,anual,centro,1
72,21,10462,7,anual,norte,0
21,29,114529,8,mensual,centro,0
57,48,81148,5,mensual,centro,1
71,1,63060,6,anual,sur,0
44,33,106920,4,anual,centro,0
70,59,58592,7,mensual,norte,1
27,12,49732,7,bienal,sur,1
40,47,116594,1,bienal,sur,0
49,13,110040,0,anual,sur,1
26,46,68509,7,bienal,sur,0
32,53,79962,2,mensual,norte,0
24,25,30049,2,anual,centro,0
38,34,9254,2,mensual,sur,1
37,21,104424,0,bienal,norte,0
74,12,33155,6,bienal,centro,0
74,50,67467,8,mensual,centro,1
55,2,116649,0,anual,centro,1
21,18,10990,0,mensual,centro,1
43,45,91679,7,mensual,sur,1
68,9,108274,3,bienal,norte,0
27,24,67315,2,bienal,sur,0
43,44,21295,8,anual,norte,0
59,49,97261,6,mensual,norte,0
18,9,88574,2,anual,sur,0
68,29,82552,5,anual,norte,1
61,3,90258,3,bienal,centro,0
20,18,102691,1,mensual,sur,0
67,2,15971,6,mensual,norte,1
34,59,26174,3,anual,norte,0
75,13,63646,7,anual,centro,0
57,28,28031,5,mensual,norte,1
21,29,113949,5,mensual,centro,0
57,19,113423,6,bienal,sur,1
41,16,84119,1,bienal,sur,0
18,26,57113,7,bienal,norte,1
41,22,55283,7,mensual,centro,1
36,20,20705,0,anual,norte,0
59,57,98702,2,mensual,sur,0
28,57,22331,4,mensual,sur,1
32,36,106535,0,anual,sur,0
53,48,25488,3,bienal,sur,0
71,48,77764,0,bienal,norte,0
39,19,29402,8,anual,sur,1
35,4,42383,2,mensual,norte,1
53,34,62536,1,anual,sur,0
71,35,81714,2,mensual,centro,0
53,56,117050,6,mensual,sur,0
70,13,52151,6,anual,centro,1
56,38,104082,4,mensual,norte,0
45,51,67835,5,anual,sur,1
20,50,72367,1,mensual,sur,1
75,1,29986,4,anual,norte,0
58,34,86102,1,anual,sur,0
54,55,73361,6,anual,sur,0
50,32,88938,3,anual,centro,0
75,7,105486,8,bienal,norte,1
43,57,62355,3,anual,centro,0
25,6,91000,4,mensual,sur,0
43,58,114574,1,anual,centro,0
19,27,115982,4,bienal,sur,0
58,19,10235,2,anual,sur,0
52,23,26610,6,anual,centro,1
23,3,34621,3,bienal,sur,0
21,50,83397,1,mensual,centro,0
32,17,47112,1,mensual,norte,1
73,20,78992,0,anual,norte,0
62,44,12158,3,bienal,sur,1
74,45,50801,1,anual,sur,0
65,30,82415,0,mensual,norte,0
73,49,38038,5,mensual,norte,0
43,7,103866,8,bienal,norte,0
37,45,116034,6,mensual,sur,0
59,45,96493,5,anual,centro,1
71,36,29990,7,anual,norte,0
52,57,111492,1,mensual,norte,0
39,10,12880,8,mensual,sur,0
67,31,83406,1,bienal,sur,0
75,19,41659,3,anual,norte,0
62,30,19181,8,mensual,norte,0
22,20,119057,5,anual,norte,1
48,11,10370,6,bienal,centro,1
61,55,31838,1,anual,norte,1
38,25,85696,2,bienal,norte,0
49,34,31299,6,anual,centro,1
38,18,14838,0,anual,centro,0
46,29,94128,0,mensual,centro,0
19,46,102980,6,bienal,centro,0
75,2,111660,2,bienal,norte,1
54,5,31239,0,bienal,centro,0
68,57,103010,5,anual,sur,1
27,37,39429,7,mensual,centro,1
36,21,48209,2,bienal,norte,0
32,1,43106,6,bienal,centro,0
59,42,74422,3,anual,sur,0
63,11,102957,2,mensual,norte,0
40,49,97913,0,anual,centro,0
46,3,26805,1,mensual,sur,0
71,56,32279,0,anual,norte,0
22,34,60154,2,bienal,centro,1
44,29,79039,5,anual,norte,0
57,60,118668,3,mensual,centro,0
38,7,112879,8,anual,centro,1
71,25,83228,5,mensual,centro,1
68,49,15005,3,bienal,sur,0
28,11,113027,6,anual,sur,1
50,33,41677,7,bienal,centro,0
72,48,46438,8,anual,norte,0
46,49,82101,4,bienal,sur,0
36,37,105096,8,mensual,norte,1
68,25,96671,8,anual,norte,1
42,46,24496,7,bienal,norte,1
30,28,91368,3,bienal,norte,0
63,38,95489,0,bienal,centro,1
75,27,40749,8,anual,norte,0
30,18,50871,5,bienal,norte,1
54,41,110319,1,mensual,norte,1
61,10,98317,4,mensual,norte,1
52,34,104239,0,mensual,sur,0
54,53,60638,8,mensual,centro,1
64,15,115503,6,mensual,centro,0
71,39,87648,3,mensual,centro,1
27,19,21311,8,mensual,norte,1
59,55,96796,8,anual,centro,0
74,52,28300,7,mensual,norte,0
71,24,117740,8,mensual,norte,0
55,55,33691,3,mensual,norte,0
44,28,27713,8,bienal,centro,0
61,60,11891,1,mensual,sur,0
63,19,12258,1,anual,centro,0
69,41,109772,8,mensual,norte,0
54,23,27460,4,mensual,centro,0
68,59,60833,6,bienal,centro,1
70,11,76133,2,anual,centro,0
28,1,26430,0,anual,norte,0
67,8,45044,6,bienal,sur,1
69,51,57497,6,bienal,centro,1
24,10,53565,4,bienal,sur,0
62,52,30979,8,mensual,centro,1
34,39,15713,2,mensual,centro,0
37,16,112478,2,mensual,centro,1
64,30,95628,6,anual,sur,0
31,46,15092,8,mensual,norte,1
63,18,112743,2,bienal,centro,0
50,10,64730,7,anual,centro,0
54,24,111136,4,bienal,centro,0
22,30,46026,2,mensual,norte,0
71,33,54775,3,anual,centro,0
44,30,70087,1,mensual,centro,0
21,32,109015,1,bienal,centro,1
18,52,89976,0,anual,norte,0
34,51,54443,8,mensual,norte,0
23,3,92126,2,anual,sur,0
45,32,99507,2,bienal,sur,0
18,42,27478,4,bienal,sur,0
66,35,103980,0,anual,sur,0
48,38,49298,7,anual,sur,0
39,54,84218,6,bienal,centro,1
37,12,46669,3,anual,sur,0
56,28,84616,1,mensual,norte,1
35,1,47176,6,bienal,sur,1
73,35,89000,6,anual,sur,0
56,52,17434,2,anual,sur,1
32,3,87016,8,mensual,centro,1
54,34,62875,8,bienal,norte,1
41,57,84260,3,anual,centro,0
26,38,67626,5,anual,sur,0
47,35,103629,2,bienal,norte,0
29,55,33640,6,mensual,centro,0
45,21,103585,0,anual,norte,0
59,3,27293,7,anual,sur,1
60,14,11093,7,bienal,centro,1
31,40,69054,5,anual,centro,1
54,55,23472,8,bienal,centro,0
50,6,105356,2,bienal,sur,0
70,44,45437,7,anual,sur,1
36,21,65475,7,mensual,centro,1
56,60,26824,5,anual,centro,1
65,38,72218,1,anual,norte,0
62,25,15511,8,bienal,norte,1
65,38,95884,6,bienal,centro,1
21,3,50702,0,mensual,sur,0
58,38,85295,7,anual,centro,1
64,14,79631,1,bienal,norte,0
53,24,60894,6,bienal,norte,0
55,31,16653,3,anual,centro,0
65,1,37411,6,anual,norte,1
39,33,75711,8,mensual,centro,1
46,41,23026,7,anual,sur,0
62,13,33027,1,bienal,centro,0
75,37,51937,6,mensual,sur,1
44,5,81344,8,bienal,sur,1
62,45,63711,5,bienal,norte,0
34,40,43713,0,anual,centro,1
70,34,85373,7,anual,sur,0
33,17,51869,3,anual,norte,0
28,16,75444,0,anual,centro,0
72,46,106175,0,anual,norte,0
75,9,98017,5,mensual,sur,0
25,4,49913,3,mensual,centro,1
44,22,59838,8,bienal,sur,0
66,60,117992,8,anual,norte,0
72,28,83670,5,anual,norte,0
46,53,118838,3,mensual,centro,0
34,27,119179,7,mensual,centro,0
45,49,62463,8,mensual,centro,0
46,17,65389,5,bienal,norte,0
50,43,44518,0,mensual,sur,0
54,46,46041,3,anual,norte,0
33,30,110255,6,bienal,centro,1
52,23,16026,5,bienal,centro,1
46,34,88584,5,bienal,sur,0
29,53,68031,4,anual,centro,0
29,8,25423,4,anual,norte,1
43,59,53805,1,anual,sur,0
36,57,70674,3,anual,norte,0
35,15,118996,8,anual,centro,0
38,18,77704,6,bienal,norte,0
63,3,111777,5,anual,sur,1
49,9,105964,0,mensual,sur,0
34,3,93688,5,anual,centro,1
41,18,39251,1,mensual,norte,0
34,49,105647,8,bienal,sur,1
29,13,118196,8,bienal,centro,0
65,12,73604,6,bienal,centro,1
28,59,101474,3,bienal,norte,0
21,10,42841,8,mensual,centro,0
49,23,23170,3,bienal,centro,0
72,25,55315,2,mensual,centro,1
46,29,80252,2,bienal,centro,0
52,10,54390,8,mensual,sur,0
70,13,112134,2,anual,norte,1
27,43,115926,0,anual,centro,1
22,13,13879,0,mensual,sur,1
68,26,78724,1,anual,sur,0
62,15,14758,5,mensual,sur,1
73,47,42533,1,bienal,centro,0
31,45,84195,8,bienal,norte,0
37,54,68700,5,mensual,norte,0
65,34,69758,0,mensual,sur,0
24,48,37477,3,bienal,centro,0
65,21,67718,5,bienal,centro,1
42,38,53273,3,anual,centro,0
71,21,89219,2,bienal,sur,0
75,11,113453,1,mensual,centro,0
22,22,63902,0,anual,norte,0
71,55,35814,2,mensual,centro,0
75,57,106307,2,anual,centro,0
40,26,82741,1,anual,sur,0
22,9,36856,0,anual,centro,0
22,16,38062,4,anual,norte,1
44,41,31033,5,anual,centro,0
69,14,57958,1,mensual,norte,0
48,57,20060,5,mensual,sur,0
34,6,90163,4,anual,sur,0
19,20,41524,1,bienal,norte,0
40,55,64917,8,mensual,centro,0
48,4,47496,6,bienal,norte,1
18,15,108126,0,anual,sur,1
69,21,83388,4,anual,norte,0
20,11,15994,4,anual,sur,1
30,1,83737,7,mensual,norte,1
58,23,43041,0,bienal,sur,0
57,49,117013,5,anual,centro,0
18,2,42899,8,mensual,centro,1
51,11,102605,4,bienal,norte,0
54,19,37221,4,mensual,centro,1
30,60,119733,8,mensual,norte,1
52,10,102559,6,mensual,norte,1
22,1,106399,3,bienal,centro,0
37,40,14454,7,anual,norte,0
41,29,39954,6,mensual,centro,1
73,57,96100,5,mensual,sur,1
65,13,57295,4,bienal,sur,0
33,16,56568,6,bienal,sur,1
44,18,69664,8,anual,sur,1
59,60,46824,4,anual,sur,0
36,17,8140,7,bienal,centro,0
22,37,61950,5,mensual,norte,1
25,25,65293,0,anual,centro,1
48,27,108707,5,bienal,sur,0
29,25,21233,3,anual,sur,0
36,21,22500,5,mensual,sur,0
37,57,57627,8,anual,norte,1
62,8,87046,2,mensual,norte,1
43,43,84404,5,anual,norte,1
43,1,53323,4,anual,centro,0
57,56,97965,6,anual,centro,0
33,60,114334,2,anual,sur,0
52,10,106738,7,bienal,norte,0
68,24,87266,2,anual,centro,0
54,11,89691,4,anual,centro,0
26,59,12445,4,mensual,norte,0
72,4,112639,6,anual,centro,1
63,41,15574,1,bienal,centro,0
43,10,14197,7,anual,norte,1
75,16,22259,2,bienal,norte,0
58,29,73251,2,mensual,centro,0
27,21,95972,4,bienal,norte,0
71,12,8318,4,bienal,sur,1
40,49,110476,1,bienal,sur,0
21,5,57155,4,mensual,norte,0
74,48,50517,4,anual,norte,0
21,23,119281,8,anual,norte,0
65,44,61630,1,mensual,sur,0
49,7,65600,7,mensual,sur,1
32,17,92128,3,bienal,norte,0
52,7,21896,3,bienal,norte,0
73,45,64513,6,bienal,centro,1
71,11,30903,7,bienal,norte,1
46,32,75875,2,mensual,norte,0
53,14,64085,7,anual,sur,1
34,4,42690,7,bienal,sur,0
66,16,67091,7,mensual,centro,0
37,54,13235,1,bienal,sur,1
75,10,101979,1,anual,sur,0
74,19,35955,3,anual,norte,0
26,28,74917,1,mensual,sur,0
68,11,28012,8,mensual,sur,0
48,22,99056,0,bienal,norte,0
37,20,38657,0,anual,centro,0
52,27,87691,4,mensual,centro,0
57,23,14070,7,bienal,sur,0
67,60,27312,8,mensual,norte,1
69,31,112920,5,bienal,centro,0
58,9,43957,2,mensual,sur,0
26,10,102503,7,bienal,sur,1
26,56,25185,4,mensual,sur,0
38,23,41266,0,mensual,norte,0
40,56,59318,8,anual,centro,1
58,51,95715,0,bienal,sur,0
18,33,64010,3,mensual,sur,0
35,31,16870,6,bienal,sur,0
43,50,85629,0,bienal,centro,0
66,34,36231,4,mensual,sur,0
27,44,68467,2,anual,sur,0
73,13,52780,6,mensual,sur,0
25,60,23986,2,mensual,norte,1
73,55,53021,5,anual,norte,0
50,48,78802,7,mensual,norte,1
37,12,19880,3,bienal,norte,0
43,59,26423,7,mensual,sur,1
54,45,109663,4,anual,centro,1
60,31,20614,7,bienal,sur,0
40,6,42171,6,bienal,norte,1
34,6,55438,2,bienal,norte,0
20,42,63008,1,anual,norte,0
22,36,61919,2,bienal,norte,1
68,43,63781,5,bienal,norte,0
75,14,58266,5,mensual,norte,1
65,51,84568,5,anual,sur,1
36,14,46280,5,mensual,centro,0
65,37,61068,5,anual,norte,0
50,17,101462,1,mensual,sur,1
32,30,59543,2,mensual,norte,0
58,12,81659,5,bienal,sur,0
30,43,75043,6,bienal,norte,1
68,5,29017,1,bienal,centro,1
46,55,50540,0,anual,norte,1
21,29,64143,2,anual,norte,0
35,9,18984,7,mensual,norte,1
41,29,48244,1,mensual,norte,0
64,48,115328,2,mensual,centro,0
28,3,54756,2,mensual,norte,1
55,3,60577,3,anual,sur,0
33,39,55136,4,mensual,norte,1
41,5,113763,6,anual,norte,1
70,30,61641,7,mensual,centro,1
68,50,32101,7,mensual,centro,1
21,3,63488,5,anual,norte,1
25,28,55338,1,anual,norte,0
23,46,82856,5,bienal,sur,1
42,7,71579,3,bienal,centro,1
54,31,89102,6,anual,centro,1
69,27,115622,5,anual,sur,1
43,52,57502,8,bienal,norte,1
47,15,27086,6,mensual,centro,1
34,19,39813,3,mensual,norte,0
31,15,62822,3,anual,norte,0
53,56,71102,8,bienal,sur,1
70,14,49585,6,anual,norte,0
60,36,63564,3,mensual,norte,0
68,56,17385,6,anual,norte,0
74,45,114430,4,bienal,norte,0
60,4,101825,5,mensual,centro,0
48,11,108276,1,bienal,norte,0
71,59,101016,4,anual,norte,0
40,7,66603,7,mensual,centro,0
22,57,90212,7,bienal,norte,0
44,33,59501,5,anual,norte,0
27,44,110468,0,bienal,norte,0
38,24,96667,8,bienal,centro,0
49,56,65849,2,bienal,centro,0
39,36,61542,2,mensual,sur,0
18,43,71265,8,bienal,norte,0
69,3,101074,0,mensual,centro,1
29,31,95882,0,anual,centro,0
52,5,12455,3,anual,centro,1
66,47,9902,7,mensual,norte,1
45,3,76074,1,mensual,sur,0
62,58,47594,6,anual,sur,0
38,35,95794,0,bienal,norte,0
70,46,15124,5,mensual,norte,1
62,38,32971,6,anual,norte,0
40,50,64414,6,anual,norte,0
43,31,64821,5,bienal,norte,1
31,7,31016,4,mensual,norte,0
55,29,118415,5,mensual,sur,0
47,45,67914,5,anual,sur,1
42,9,31961,6,mensual,centro,0
39,33,119880,2,anual,norte,0
65,40,33174,5,bienal,sur,0
27,29,54365,3,bienal,norte,0
40,26,32675,2,anual,norte,0
24,9,109945,6,bienal,sur,0
38,17,76968,3,mensual,norte,1
54,43,64584,6,bienal,sur,0
69,20,47196,5,anual,norte,0
70,32,55359,6,bienal,norte,0
28,55,25887,2,anual,centro,0
36,53,22524,3,mensual,centro,1
21,41,55431,7,bienal,norte,1
25,37,63620,5,bienal,norte,0
31,32,70452,1,bienal,sur,0
55,48,38193,0,anual,norte,0
75,1,18715,0,mensual,centro,0
51,6,53128,7,mensual,centro,1
72,57,91519,6,anual,norte,1
61,6,49523,0,mensual,sur,1
68,45,39128,7,bienal,sur,1
68,23,25683,3,anual,sur,0
43,18,17445,3,mensual,sur,0
26,54,69165,0,bienal,centro,0
72,13,46015,4,bienal,norte,0
20,17,12078,6,anual,centro,1
42,6,92525,4,anual,norte,0
40,38,51515,6,mensual,norte,0
67,36,92848,6,anual,sur,0
39,60,22381,5,mensual,centro,0
23,55,113661,3,mensual,centro,0
32,3,112122,4,anual,centro,0
53,32,91930,2,bienal,centro,0
21,57,109216,3,mensual,norte,1
66,25,70047,8,anual,norte,0
67,3,27488,4,anual,sur,1
54,27,72873,5,anual,sur,1
46,44,41823,3,mensual,sur,0
53,1,79186,6,bienal,centro,1
57,10,102385,0,bienal,norte,0
45,4,68181,8,mensual,sur,1
24,59,26907,1,mensual,norte,1
57,15,107093,8,bienal,centro,1
74,2,84314,0,mensual,sur,0
53,43,32337,6,mensual,centro,0
21,35,61120,2,bienal,centro,0
38,59,33042,0,bienal,sur,0
20,42,11693,4,mensual,sur,0
54,29,77565,1,bienal,centro,0
37,26,94498,1,bienal,sur,0
36,38,39130,2,bienal,centro,0
28,44,32473,5,bienal,norte,1
40,37,110477,0,mensual,norte,1
34,48,104628,5,anual,sur,1
45,27,83505,3,bienal,sur,0
38,54,10360,6,anual,sur,0
72,53,105293,2,anual,norte,0
53,38,89088,4,bienal,sur,0
45,26,103974,5,anual,norte,0
60,14,21782,7,mensual,centro,1
67,36,57023,1,anual,centro,1
58,23,9971,2,anual,sur,0
59,56,83350,7,mensual,centro,0
32,21,29944,1,bienal,sur,0
28,58,97687,8,bienal,norte,0
41,1,94994,4,bienal,sur,1
24,56,80498,2,mensual,norte,1
45,31,11867,4,mensual,norte,0
40,8,94914,1,anual,centro,0
49,32,80954,2,mensual,centro,0
59,33,51562,0,mensual,centro,1
35,42,41254,8,mensual,centro,1
50,28,101194,7,mensual,sur,1
56,46,76494,3,bienal,centro,1
58,11,70402,2,anual,norte,0
33,41,70384,5,mensual,norte,1
59,31,48663,5,mensual,norte,1
75,55,33088,4,anual,centro,0
55,50,89561,0,mensual,sur,0
62,29,39949,0,bienal,norte,0
58,7,74663,5,mensual,centro,0
69,39,106461,4,bienal,centro,0
74,51,101291,3,mensual,norte,0
69,16,60079,1,anual,centro,0
41,54,75463,3,anual,centro,0
51,54,111922,5,anual,sur,0
44,38,108337,6,mensual,centro,1
56,43,70791,1,mensual,sur,1
40,32,84418,3,anual,centro,0
68,33,77430,7,mensual,sur,0
44,58,20784,0,mensual,centro,0
45,40,65141,2,bienal,norte,0
65,59,33542,7,anual,sur,0
23,35,50390,0,bienal,centro,0
66,26,82980,6,bienal,norte,1
61,41,80765,8,anual,norte,1
65,52,27660,1,bienal,centro,0
55,44,81898,5,bienal,sur,0
38,12,90876,0,mensual,sur,0
29,43,51774,0,bienal,norte,0
27,53,60742,0,anual,sur,0
53,58,18054,2,mensual,centro,1
20,56,44568,3,anual,sur,0
73,29,40949,7,mensual,sur,1
33,60,107428,7,bienal,sur,0
58,13,68261,8,bienal,norte,0
21,12,87812,2,mensual,sur,0
72,58,14660,0,bienal,sur,0
32,3,68330,1,bienal,norte,1
62,25,57781,0,bienal,centro,0
59,51,103492,7,mensual,sur,1
33,39,89499,2,mensual,norte,0
22,35,22758,2,mensual,centro,0
19,25,100477,6,anual,sur,0
24,52,27524,2,mensual,centro,1
33,47,55587,8,bienal,norte,0
28,2,111099,8,mensual,sur,1
37,48,70771,5,mensual,norte,1
63,50,46973,5,mensual,centro,0
41,41,63185,1,mensual,centro,0
71,27,51103,4,bienal,sur,0
73,13,8275,7,bienal,centro,1
35,58,110897,4,anual,sur,0
51,22,107478,5,mensual,sur,1
46,57,78497,4,bienal,norte,0
23,36,100811,6,anual,norte,0
61,19,111157,3,anual,sur,0
45,56,114173,1,anual,norte,0
31,45,89257,8,mensual,sur,0
60,35,86539,8,bienal,centro,0
19,55,12547,2,anual,sur,0
49,8,50793,4,mensual,centro,1
43,46,104732,8,anual,centro,0
32,18,103159,5,anual,norte,1
30,47,111995,0,bienal,norte,1
41,32,93599,3,anual,norte,0
40,58,66293,0,mensual,sur,1
40,49,102174,3,mensual,centro,1
18,57,110727,2,anual,centro,0
41,40,62528,1,bienal,norte,0
55,27,11605,2,mensual,centro,1
57,2,17194,5,bienal,norte,1
26,38,118335,4,anual,norte,0
33,18,50984,8,mensual,centro,1
33,27,71778,8,mensual,norte,0
35,8,119552,5,bienal,norte,0
22,12,80322,8,bienal,norte,1
30,38,74679,0,bienal,norte,0
34,7,114766,6,anual,norte,0
19,37,37750,6,mensual,sur,1
36,27,19066,4,anual,centro,0
60,5,104461,8,mensual,norte,1
20,3,83433,3,bienal,norte,1
36,25,114148,7,bienal,sur,1
25,8,50787,7,bienal,centro,1
20,47,51342,8,bienal,sur,1
73,9,38389,7,mensual,norte,1
70,3,72414,0,bienal,centro,0
56,54,73900,7,bienal,centro,0
68,37,42952,4,anual,norte,0
75,57,102974,3,anual,norte,0
54,18,36449,0,anual,sur,0
53,27,22802,5,mensual,norte,1
34,17,24651,1,bienal,centro,0
29,38,24476,0,mensual,centro,0
39,59,67409,2,bienal,sur,0
64,39,81397,8,mensual,sur,1
66,43,110319,2,mensual,sur,0
18,18,85633,2,mensual,centro,0
50,7,105062,1,mensual,sur,1
56,45,100836,4,bienal,centro,0
37,34,49664,4,bienal,centro,0
54,23,47669,2,anual,sur,0
32,7,49432,3,mensual,sur,0
31,33,39341,4,mensual,centro,0
60,43,19968,2,mensual,sur,1
57,7,25991,4,anual,norte,0
49,47,81488,3,bienal,sur,0
69,9,80366,4,anual,sur,0
28,26,58354,1,mensual,sur,0
57,36,29566,3,anual,centro,0
60,47,66460,7,mensual,norte,0
70,25,111630,1,anual,norte,0
19,16,47140,7,bienal,centro,1
55,25,77194,5,bienal,sur,0
22,47,55846,1,anual,centro,1
26,44,12381,7,anual,sur,1
58,32,16671,5,anual,sur,1
70,25,103438,6,bienal,norte,0
29,60,51026,7,anual,norte,0
60,60,28117,1,anual,norte,0
37,17,44552,6,anual,norte,0
65,47,113450,7,anual,centro,0
48,12,103957,5,mensual,centro,0
34,29,83411,4,mensual,centro,0
59,2,59191,7,anual,centro,0
45,13,96672,4,mensual,norte,0
50,11,51003,0,mensual,sur,0
53,5,22319,8,bienal,centro,1
55,17,67244,3,bienal,sur,0
20,30,107232,4,bienal,norte,0
74,12,75107,1,bienal,centro,0
21,36,100667,1,mensual,sur,0
63,50,26427,1,bienal,norte,0
40,3,41447,4,mensual,norte,1
66,45,72344,4,mensual,norte,0
22,50,99472,7,mensual,sur,1
66,32,39069,2,mensual,centro,0
25,22,101759,7,anual,centro,1
71,27,73162,1,mensual,norte,0
42,39,86799,4,anual,norte,0
71,26,111340,3,anual,centro,0
55,36,12860,3,anual,sur,0
59,37,81363,3,mensual,centro,0
66,59,74212,4,mensual,sur,0
70,49,112017,0,mensual,sur,0
68,39,73952,3,mensual,sur,0
23,25,104514,6,anual,norte,0
52,51,80631,2,bienal,centro,0
42,7,118531,4,bienal,norte,1
36,41,88886,4,anual,centro,0
53,15,37284,0,mensual,sur,1
56,1,53861,2,anual,norte,0
50,39,81805,4,mensual,norte,0
48,35,81863,1,anual,sur,0
24,11,16211,1,anual,sur,0
64,48,17022,1,anual,centro,0
37,1,32122,4,anual,norte,0
49,2,36829,4,bienal,centro,1
29,10,87278,6,mensual,sur,0
29,21,69321,0,mensual,norte,1
28,1,41184,0,bienal,centro,0
20,56,36740,4,anual,centro,0
35,31,88328,8,anual,sur,0
37,9,33498,7,anual,centro,0
41,37,93856,4,anual,centro,0
30,46,99851,5,bienal,sur,1
49,36,50781,6,mensual,centro,1
72,18,21737,7,mensual,norte,1
20,9,67506,0,bienal,centro,1
53,31,50779,2,bienal,sur,0
35,9,43559,3,mensual,norte,1
54,13,87914,3,anual,sur,0
24,44,114607,2,bienal,sur,0
65,4,75817,2,bienal,norte,1
23,18,29923,0,bienal,norte,0
54,60,19679,1,mensual,centro,1
36,40,116773,5,mensual,sur,0
36,34,33549,7,anual,norte,1
54,41,58202,3,mensual,sur,1
25,59,97999,7,anual,norte,0
19,43,66382,1,mensual,centro,0
48,56,69390,2,mensual,sur,0
39,13,84222,5,bienal,norte,0
58,22,95475,1,anual,norte,0
46,47,12750,1,mensual,norte,1
65,16,46544,8,anual,sur,0
65,25,46970,1,bienal,sur,0
32,45,105618,3,bienal,norte,0
25,38,47565,3,mensual,centro,0
56,42,80127,1,anual,centro,0
52,36,59271,6,anual,norte,1
48,52,90436,1,bienal,centro,1
64,22,74476,5,anual,norte,0
72,56,105547,3,anual,norte,0
52,21,94352,2,mensual,norte,0
71,9,86536,4,anual,norte,0
52,36,100826,7,bienal,centro,1
75,45,118048,8,bienal,sur,1
48,46,110776,5,mensual,norte,0
30,44,20027,0,bienal,norte,0
30,24,96070,7,bienal,sur,1
36,31,69882,6,anual,norte,1
22,27,66819,7,bienal,norte,0
60,13,97104,3,mensual,centro,0
51,19,56915,5,mensual,norte,0
31,34,16179,6,bienal,norte,0
46,50,98038,5,bienal,sur,0
27,25,68339,2,bienal,centro,0
26,55,112530,1,anual,sur,0
64,26,55477,8,mensual,sur,1
56,46,104527,2,bienal,sur,0
29,9,13151,4,bienal,centro,0
72,31,83299,0,bienal,centro,0
67,60,84112,6,anual,sur,0
34,45,77894,5,anual,norte,0
54,3,68438,3,anual,norte,0
70,27,52324,3,anual,norte,0
20,22,64422,0,bienal,norte,0
55,47,58063,6,anual,norte,1
26,31,82842,4,mensual,centro,1
58,60,50671,7,anual,centro,0
37,9,21573,7,mensual,sur,1
73,18,104040,7,bienal,norte,0
61,15,101286,0,mensual,centro,0
63,10,103243,4,bienal,sur,0
45,46,90867,8,bienal,centro,0
64,6,27134,8,anual,norte,0
19,46,75221,2,anual,centro,0
52,56,54084,4,anual,centro,0
37,51,21353,4,bienal,norte,0
74,56,43617,7,bienal,norte,0
71,32,61234,0,anual,sur,0
21,22,71181,7,mensual,norte,1
74,23,83600,5,mensual,norte,1
20,58,66221,7,mensual,norte,0
51,4,73380,7,anual,centro,1
57,52,63620,4,mensual,norte,0
38,51,98104,6,anual,sur,0
35,45,110243,4,anual,centro,0
27,26,26734,2,anual,norte,0
58,1,82301,2,bienal,norte,0
39,47,73705,4,bienal,sur,1
29,16,92589,2,bienal,norte,0
48,30,117904,1,mensual,sur,0
49,4,109435,6,bienal,norte,0
27,28,38919,3,bienal,norte,1
72,6,85724,4,anual,sur,1
26,6,87097,2,mensual,sur,0
26,51,85312,3,mensual,norte,0
52,25,24084,7,bienal,centro,0
62,13,73653,3,anual,sur,0
75,26,47044,6,mensual,centro,1
43,44,47262,2,bienal,centro,0
28,10,65547,3,anual,norte,0
61,4,99976,8,bienal,sur,1
49,16,88976,7,bienal,norte,1
33,23,88140,0,mensual,norte,1
64,30,52842,8,anual,norte,0
63,44,73483,8,anual,norte,1
43,28,67156,1,mensual,centro,0
69,48,43291,1,mensual,norte,0
61,54,44361,6,anual,centro,0
56,19,48624,1,bienal,centro,0
30,35,39015,6,bienal,norte,0
46,23,108451,3,anual,centro,0
51,42,59684,8,mensual,centro,0
49,37,111640,6,anual,centro,0
61,26,102554,4,mensual,sur,0
57,55,69019,4,mensual,sur,0
53,26,23799,7,mensual,norte,1
41,17,106244,1,anual,norte,0
47,15,15551,0,bienal,norte,0
45,40,95367,2,anual,norte,0
55,42,67119,2,mensual,centro,0
35,32,45445,6,mensual,sur,0
73,21,69798,1,mensual,norte,1
40,59,113420,6,anual,norte,0
48,47,28569,4,anual,centro,0
69,48,102641,6,anual,norte,0
24,55,65211,7,bienal,sur,1
41,22,94221,8,mensual,sur,1
56,53,72048,6,mensual,sur,1
38,40,102545,8,anual,sur,1
28,53,41344,6,anual,norte,0
38,52,35231,3,bienal,centro,0
39,36,26867,4,anual,sur,0
53,50,58574,6,mensual,norte,1
51,31,51476,5,bienal,centro,1
25,55,93717,8,mensual,sur,0
32,38,29746,3,bienal,norte,0
43,38,100267,7,mensual,sur,0
37,18,19485,8,bienal,sur,0
18,21,110288,1,mensual,centro,0
33,6,54822,0,anual,norte,0
32,49,105203,2,mensual,norte,0
48,12,28928,2,anual,sur,0
73,52,59152,8,mensual,sur,1
35,4,8212,0,anual,centro,1
21,24,25485,3,anual,norte,0
22,46,22702,1,bienal,norte,0
73,30,107685,4,anual,norte,0
57,48,78704,6,anual,centro,1
35,28,51196,2,mensual,centro,0
70,51,14954,1,mensual,sur,0
61,12,40806,6,mensual,centro,0
58,2,26339,8,bienal,sur,1
66,39,51577,2,anual,sur,0
19,28,78480,2,anual,centro,0
36,22,17271,2,mensual,norte,1
50,22,32364,0,mensual,norte,0
53,32,18269,7,anual,centro,1
74,33,21986,0,anual,norte,0
35,12,100792,1,bienal,centro,0
54,9,98007,4,mensual,centro,0
33,3,38301,7,anual,norte,1
64,53,10291,5,mensual,centro,1
55,12,109882,8,mensual,sur,1
41,5,51115,6,mensual,norte,0
49,16,72461,1,bienal,sur,0
65,38,95599,1,anual,centro,0
72,4,25187,7,bienal,centro,1
32,31,21207,7,anual,norte,0
62,32,15950,0,mensual,norte,1
68,42,103848,6,mensual,norte,1
20,53,77676,8,mensual,sur,1
60,45,12148,8,bienal,sur,1
23,54,61099,1,bienal,centro,0
55,25,38121,5,mensual,centro,0
69,46,92325,8,mensual,norte,0
47,27,27070,0,mensual,norte,1
46,20,22902,2,anual,sur,1
70,35,8187,1,bienal,sur,1
24,1,63213,4,mensual,norte,1
33,43,8423,4,mensual,centro,0
27,37,79143,5,anual,norte,0
44,25,44958,0,mensual,sur,0
35,4,90646,4,bienal,norte,0
51,51,114419,4,anual,norte,0
48,34,85051,2,mensual,centro,0
18,28,85245,0,bienal,sur,0
51,7,65379,6,anual,sur,0
69,10,102287,4,bienal,centro,0
38,11,95647,7,mensual,centro,0
36,5,87453,3,bienal,centro,0
22,7,53036,6,mensual,norte,0
38,9,80945,8,mensual,sur,0
74,60,102801,6,mensual,centro,0
64,17,29159,8,bienal,norte,1
62,35,108066,8,anual,centro,1
44,12,87448,3,anual,sur,0
40,57,82695,7,anual,sur,1
62,40,95801,0,bienal,sur,0
49,3,43555,8,mensual,sur,0
20,53,8505,1,mensual,norte,1
39,40,108563,1,mensual,sur,0
46,15,19216,8,mensual,sur,0
52,51,100029,3,mensual,sur,1
39,23,39309,0,mensual,norte,0
52,55,98786,1,anual,sur,0
33,40,31311,3,bienal,centro,0
53,4,15652,8,bienal,centro,0
39,21,39653,3,mensual,sur,0
74,38,80558,6,anual,norte,0
39,53,88044,2,anual,sur,0
21,39,53443,6,mensual,sur,0
53,33,62805,2,mensual,sur,1
54,52,17595,2,anual,sur,1
70,44,19498,6,anual,norte,0
38,37,30007,5,bienal,centro,1
59,27,84284,6,bienal,centro,0
22,1,18920,1,mensual,norte,1
22,19,69970,8,anual,norte,1
39,3,64384,6,bienal,sur,0
64,37,98312,8,anual,centro,1
68,34,84341,6,anual,norte,1
37,26,92544,1,mensual,centro,0
60,32,42094,7,bienal,norte,1
18,5,12698,6,bienal,sur,1
19,13,99714,0,mensual,norte,1
46,10,44656,1,anual,norte,0
37,26,57993,6,bienal,centro,1
70,39,36155,6,anual,centro,0
70,9,114538,1,mensual,sur,0
44,54,18302,3,bienal,sur,0
34,31,79363,7,bienal,sur,0
58,28,26745,6,bienal,centro,0
61,29,64191,5,mensual,centro,1
38,20,71666,1,anual,norte,0
48,59,65904,3,anual,sur,0
74,15,39237,1,anual,sur,0
58,50,101439,5,anual,sur,0
57,44,59301,6,mensual,centro,0
39,16,26150,0,mensual,centro,0
30,12,116804,5,anual,sur,1
57,45,69732,5,bienal,sur,0
27,57,108840,2,mensual,centro,0
64,42,119320,7,anual,centro,1
60,21,94133,3,mensual,norte,0
66,8,42588,6,bienal,centro,0
66,34,68788,0,mensual,norte,0
49,37,107473,1,mensual,centro,1
32,23,54417,3,anual,centro,0
40,47,89003,6,mensual,norte,1
45,23,72710,8,anual,norte,1
26,55,48280,6,anual,centro,1
42,1,113156,4,mensual,centro,1
63,42,112500,3,mensual,norte,1
21,42,15038,2,anual,sur,0
29,12,10920,8,bienal,norte,1
69,58,22168,7,bienal,norte,1
39,49,99188,8,mensual,sur,0
29,20,95643,8,mensual,sur,0
18,45,40215,0,mensual,centro,0
59,28,71428,3,bienal,sur,0
50,23,111603,8,anual,norte,1
22,17,89332,2,bienal,sur,0
58,47,107788,3,bienal,norte,0
39,13,41382,7,anual,norte,0
75,53,113887,0,bienal,centro,1
43,12,53860,3,anual,norte,0
45,50,31932,7,mensual,centro,0
21,57,97853,6,anual,norte,0
45,32,119961,6,bienal,sur,0
28,52,69334,8,mensual,norte,0
43,45,91655,7,mensual,sur,1
49,28,113140,3,bienal,norte,0
47,14,114363,0,bienal,centro,0
45,40,33901,4,mensual,centro,0
61,7,56959,7,bienal,centro,0
65,54,58394,2,mensual,sur,0
49,15,40458,7,anual,norte,0
41,21,18985,8,bienal,centro,0
58,53,86438,3,anual,centro,0
54,47,40585,1,bienal,centro,0
55,14,52273,7,bienal,sur,1
50,26,45167,8,anual,sur,1
56,24,33758,6,anual,sur,1
22,8,109091,8,mensual,norte,0
75,8,103086,4,bienal,norte,1
70,35,93109,0,mensual,centro,0
50,46,67573,5,bienal,sur,0
75,52,58763,7,mensual,sur,0
36,13,117404,8,anual,sur,0
19,26,52969,3,bienal,sur,0
66,55,95140,5,bienal,norte,0
21,21,98562,3,bienal,sur,0
52,35,107810,5,anual,sur,1
29,21,28349,5,anual,sur,1
21,28,12768,2,mensual,norte,0
33,35,39297,8,mensual,norte,1
56,42,98473,6,mensual,sur,1
74,39,76394,0,anual,norte,0
66,55,74647,1,bienal,norte,0
29,18,12538,8,mensual,norte,1
67,11,86023,7,bienal,sur,1
46,17,32545,4,mensual,sur,0
49,29,96374,0,bienal,centro,0
52,4,17453,8,bienal,norte,1
40,30,76362,7,anual,norte,0
38,39,114330,3,bienal,sur,0
68,56,43035,8,mensual,centro,1
51,6,57490,8,anual,centro,1
62,52,82381,4,mensual,sur,1
73,1,24123,1,bienal,centro,1
70,32,89978,7,anual,centro,1
60,9,80257,6,bienal,centro,0
63,1,27643,8,anual,sur,1
56,50,31552,3,mensual,sur,0
40,13,38953,8,bienal,norte,0
38,32,80800,0,mensual,centro,0
36,13,63657,5,mensual,sur,0
73,22,67200,7,mensual,norte,1
47,42,77755,6,bienal,sur,1
55,15,61317,0,mensual,sur,0
48,53,93174,2,bienal,centro,0
28,39,82493,2,bienal,centro,0
29,34,22901,2,bienal,sur,1
62,56,75970,1,anual,norte,0
58,15,54896,1,anual,norte,0
29,7,49196,7,anual,norte,0
26,59,32887,2,anual,norte,0
48,33,43463,0,mensual,centro,0
66,43,118673,5,bienal,norte,1
61,17,29779,6,bienal,centro,0
18,8,44994,0,mensual,centro,1
54,32,22261,6,mensual,norte,1
69,3,54241,2,mensual,norte,0
51,6,110867,8,bienal,norte,0
28,26,48804,0,mensual,centro,0
63,17,87769,5,bienal,norte,0
50,12,103042,3,anual,norte,0
56,10,37167,7,bienal,norte,0
70,60,82847,4,bienal,norte,0
73,11,45611,7,anual,centro,0
60,52,21724,5,mensual,sur,0
34,36,57594,6,anual,norte,0
31,1,39042,3,bienal,sur,0
48,5,110196,5,anual,centro,1
26,49,110262,3,bienal,sur,1
54,16,42656,1,bienal,sur,0
55,53,78168,0,anual,norte,1
54,32,110116,2,bienal,norte,0
61,55,85299,5,anual,centro,0
50,32,115645,6,mensual,centro,1
56,40,11800,7,mensual,norte,0
62,37,63237,1,mensual,centro,0
20,28,111856,7,anual,sur,1
73,57,96243,2,anual,sur,0
68,13,107535,2,bienal,sur,1
35,11,57764,2,bienal,norte,0
42,15,63834,2,anual,centro,0
57,50,60833,8,bienal,sur,1
30,10,80197,0,bienal,centro,0
54,13,61851,5,bienal,norte,1
38,6,104717,0,anual,sur,0
49,19,11852,5,mensual,sur,1
44,45,108061,1,mensual,norte,0
53,32,92631,2,bienal,sur,0
28,50,18226,1,anual,norte,0
67,42,100853,4,anual,sur,0
73,6,11925,7,bienal,centro,0
62,14,114854,3,mensual,sur,0
52,39,30143,7,bienal,sur,1
68,13,81584,0,anual,centro,0
64,60,28016,3,mensual,sur,1
21,48,9778,2,mensual,sur,0
26,23,95863,4,mensual,norte,0
43,5,29571,7,bienal,sur,0
46,47,16484,6,anual,centro,1
29,44,81873,1,bienal,sur,0
67,59,49632,1,mensual,sur,1
74,40,75656,5,anual,sur,1
74,26,79157,6,bienal,norte,1
74,48,52186,0,bienal,sur,0
43,3,79622,3,anual,centro,0
40,43,92873,0,anual,centro,0
40,8,72175,0,mensual,sur,0
65,51,101178,6,mensual,norte,0
25,48,42649,6,bienal,norte,0
31,29,100816,3,bienal,centro,1
18,19,112347,1,bienal,sur,0
73,3,108080,8,bienal,centro,0
62,1,114571,0,bienal,norte,0
35,57,94463,8,bienal,sur,1
30,52,76670,7,anual,sur,0
27,15,31345,4,anual,centro,0
31,35,28784,3,anual,sur,0
72,14,106026,6,bienal,centro,0
27,18,98807,5,anual,sur,0
18,49,82919,3,bienal,norte,0
45,6,24309,2,mensual,norte,0
63,18,62628,1,mensual,sur,1
37,42,72328,5,bienal,centro,0
21,12,20181,5,mensual,sur,1
56,50,99018,1,anual,centro,0
43,20,42539,8,bienal,centro,1
50,17,57166,3,bienal,norte,0
75,4,78303,0,bienal,norte,1
31,3,59141,7,mensual,centro,1
59,6,44291,5,anual,sur,0
37,35,70564,1,mensual,sur,0
45,50,96659,5,anual,centro,0
48,38,17812,6,anual,centro,1
51,49,63537,4,anual,norte,0
23,55,51889,3,bienal,centro,0
75,54,28335,4,mensual,centro,0
65,30,60332,6,anual,sur,1
40,23,27995,0,anual,sur,0
50,41,31007,0,bienal,sur,0
31,20,66012,5,anual,norte,1
23,33,62144,5,bienal,norte,0
23,43,11541,5,bienal,norte,0
18,23,58753,7,mensual,centro,0
35,52,19032,3,anual,norte,1
29,6,72740,2,anual,sur,0
18,39,74641,5,mensual,norte,1
26,53,49184,2,mensual,sur,0
72,20,42600,2,anual,sur,0
60,38,76044,4,bienal,sur,0
53,51,23777,2,anual,sur,0
34,6,107040,5,bienal,sur,0
21,36,13535,4,mensual,norte,0
29,21,41872,8,anual,norte,0
73,54,69587,4,anual,norte,1
60,18,44220,0,mensual,centro,0
25,39,75537,6,anual,sur,0
37,26,87769,1,bienal,centro,0
29,27,62086,1,anual,norte,0
35,23,52921,1,mensual,centro,0
30,29,46853,7,mensual,centro,1
65,1,74204,2,bienal,norte,1
55,16,52879,3,anual,norte,0
48,4,36726,3,mensual,centro,0
31,42,23584,2,bienal,centro,0
33,31,61265,7,anual,norte,0
28,58,105475,5,bienal,centro,1
56,42,16275,7,anual,norte,1
44,52,68644,4,anual,centro,0
34,46,108443,1,anual,norte,0
51,6,26833,0,bienal,sur,0
24,41,14177,8,mensual,sur,1
44,55,98354,0,mensual,centro,0
47,50,12485,4,bienal,centro,1
49,12,13391,1,mensual,norte,0
58,34,62992,1,bienal,centro,0
38,58,105942,6,mensual,centro,1
27,23,43333,5,mensual,norte,0
33,12,54275,8,anual,norte,1
30,12,51459,4,mensual,norte,0
28,60,109923,5,mensual,sur,1
61,57,15569,1,mensual,centro,0
44,41,18892,3,bienal,centro,1
66,27,12845,2,bienal,centro,1
69,15,106550,2,anual,centro,0
49,34,113623,6,anual,norte,0
52,30,59600,8,mensual,centro,1
54,2,34819,7,bienal,centro,1
62,14,62648,2,mensual,norte,0
38,19,77760,3,bienal,centro,0
49,19,82672,5,mensual,centro,0
60,4,59964,7,bienal,norte,1
29,1,10566,5,anual,centro,1
22,7,116862,3,mensual,centro,0
28,54,119947,5,bienal,sur,1
30,20,96549,6,bienal,norte,1
29,19,116069,0,mensual,norte,1
55,16,75407,1,mensual,sur,1
38,7,117112,5,bienal,norte,1
26,19,31502,0,anual,sur,0
54,43,92596,3,anual,centro,0
25,34,24726,1,anual,centro,0
42,11,21350,8,mensual,norte,0
36,29,55073,7,bienal,sur,1
30,16,81118,5,anual,sur,0
73,3,110123,7,bienal,norte,0
70,3,12200,6,mensual,norte,1
75,50,56734,0,anual,norte,0
32,9,80504,3,mensual,sur,1
66,2,73020,5,mensual,norte,1
70,10,11219,0,mensual,sur,1
39,36,43785,5,anual,norte,0
60,49,112582,6,mensual,sur,1
73,27,81214,2,anual,sur,0
18,39,48803,3,bienal,centro,1
23,17,66978,6,mensual,sur,1
58,2,53419,7,bienal,centro,1
39,54,65508,4,bienal,sur,0
32,10,119339,7,anual,centro,0
33,19,60987,7,mensual,centro,1
22,27,113333,5,bienal,centro,0
19,41,31796,5,anual,sur,1
19,49,12347,5,bienal,sur,1
67,16,106126,2,anual,norte,0
35,37,26010,4,anual,sur,0
58,27,35021,8,anual,centro,1
44,18,30275,2,mensual,sur,0
18,42,87951,7,anual,norte,0
40,8,18695,6,anual,sur,0
68,45,62868,8,anual,sur,1
62,30,64741,5,mensual,centro,0
45,59,69439,1,bienal,centro,0
71,34,112572,1,bienal,sur,0
53,52,60228,3,bienal,centro,0
65,15,9232,0,mensual,sur,0
49,28,112480,5,anual,sur,0
60,16,116185,3,anual,sur,0
19,51,54895,4,anual,sur,0
20,8,30152,6,mensual,sur,1
34,29,66521,8,bienal,norte,0
19,34,115697,3,anual,sur,0
64,49,115194,8,mensual,sur,0
46,55,65974,0,anual,norte,0
32,24,21899,2,bienal,centro,0
51,43,39717,4,mensual,norte,1
29,1,77710,5,anual,sur,1
43,51,13053,6,anual,centro,0
62,28,9508,1,bienal,norte,1
46,55,116320,3,bienal,centro,0
47,25,70774,0,bienal,norte,0
40,60,114186,4,mensual,centro,1
21,44,12163,0,anual,norte,0
45,4,52666,6,mensual,sur,1
31,57,69993,7,mensual,norte,0
38,28,35641,0,bienal,centro,0
35,17,29061,7,bienal,sur,1
69,39,38650,8,bienal,norte,1
40,20,71963,3,anual,sur,0
61,1,40933,0,anual,sur,1
53,36,33994,5,bienal,norte,1
23,27,78428,8,anual,centro,1
71,27,82119,8,bienal,norte,0
33,51,59311,3,mensual,sur,0
36,29,114301,2,mensual,sur,1
44,16,75924,1,anual,sur,0
60,30,65001,5,mensual,centro,0
68,48,42876,0,bienal,norte,0
19,5,8813,7,bienal,centro,0
53,40,28693,0,bienal,centro,0
37,57,105270,2,mensual,centro,0
63,10,77814,5,bienal,norte,0
62,49,26242,0,anual,centro,0
67,57,111635,2,bienal,centro,0
52,39,115400,2,anual,norte,0
68,31,86251,8,bienal,sur,1
18,33,34071,4,bienal,centro,0
46,22,56505,7,mensual,sur,1
65,7,39570,5,mensual,centro,0
52,8,71796,0,bienal,centro,1
47,14,59000,7,bienal,sur,1
67,27,51396,2,mensual,centro,0
39,39,13742,8,mensual,centro,1
38,12,111544,0,anual,centro,0
61,57,41670,4,bienal,norte,0
41,51,89316,4,bienal,norte,1
50,50,117286,6,anual,centro,0
36,15,27939,3,mensual,sur,0
21,48,113615,3,bienal,sur,0
35,41,53071,0,bienal,centro,0
45,56,94753,3,mensual,norte,0
33,55,117711,5,mensual,sur,1
61,15,99479,1,bienal,sur,0
23,41,12187,3,bienal,norte,0
18,40,11786,5,anual,norte,1
21,18,44772,4,anual,centro,0
68,7,114740,7,mensual,centro,1
54,7,82092,5,bienal,sur,0
36,60,92705,4,bienal,sur,0
37,50,109573,7,mensual,sur,1
22,28,24581,0,anual,sur,0
23,45,59990,2,mensual,sur,0
51,1,53248,2,anual,norte,0
26,11,9719,8,anual,centro,1
38,15,56572,0,bienal,norte,0
21,15,91719,6,anual,centro,1
27,56,83875,3,anual,sur,0
56,13,48082,5,bienal,centro,0
57,18,76605,2,bienal,sur,0
26,33,64037,2,bienal,sur,0
62,57,23477,7,mensual,centro,1
35,51,37092,5,mensual,norte,1
45,26,16036,3,anual,centro,1
74,12,80613,7,anual,norte,0
23,20,64570,2,bienal,sur,0
27,45,82645,4,anual,sur,0
20,8,71651,7,mensual,norte,1
48,53,36910,5,bienal,norte,1
32,14,100488,0,mensual,sur,1
39,8,36407,5,anual,norte,0
53,26,69534,4,mensual,norte,1
28,37,117607,1,mensual,sur,0
33,49,102614,2,mensual,sur,0
52,27,48174,5,anual,norte,0
67,24,23970,3,anual,norte,0
52,45,66126,5,anual,norte,1
25,6,84818,0,anual,norte,0
55,31,55236,4,mensual,centro,0
22,40,101801,7,bienal,centro,1
21,48,19663,1,bienal,centro,0
27,53,40658,1,anual,norte,0
60,44,99031,5,mensual,centro,0
28,15,113987,3,bienal,centro,0
69,35,77987,5,bienal,norte,1
28,48,25771,4,mensual,centro,0
49,18,82427,2,anual,centro,0
39,21,31344,5,mensual,sur,0
21,20,83222,5,anual,norte,1
34,57,108180,5,bienal,sur,0
37,2,86733,2,bienal,centro,0
24,30,56363,6,anual,sur,1
19,47,92865,0,anual,norte,0
75,43,24476,2,bienal,centro,0
25,48,13959,3,anual,centro,0
48,20,75530,3,mensual,sur,0
40,53,12240,3,anual,centro,1
61,35,107794,8,mensual,sur,1
21,15,107887,0,mensual,sur,0
25,3,74294,2,mensual,norte,0
51,12,65910,6,mensual,norte,1
24,33,66840,1,bienal,sur,0
23,42,107226,4,bienal,norte,0
55,47,64587,2,bienal,centro,0
55,14,20093,5,anual,centro,1
47,12,86714,0,mensual,norte,0
34,58,100160,0,bienal,sur,0
34,32,87716,3,anual,centro,0
53,18,26910,0,bienal,centro,0
59,3,52265,6,bienal,norte,1
49,17,45276,2,bienal,norte,0
32,9,26473,4,anual,centro,1
30,46,61838,1,anual,sur,0
65,5,118659,2,mensual,norte,0
20,53,117160,7,mensual,centro,0
23,48,84283,0,mensual,sur,0
74,22,21801,0,mensual,centro,0
30,21,68845,0,anual,norte,0
37,34,28906,3,anual,norte,0
50,9,46326,5,mensual,norte,1
36,13,21137,7,anual,sur,0
45,25,69888,2,mensual,sur,1
50,25,74250,5,bienal,sur,1
40,20,100865,1,bienal,sur,0
71,44,106446,7,bienal,sur,0
40,12,28565,2,bienal,centro,1
55,37,67456,3,anual,sur,0
66,15,93252,2,anual,centro,0
48,15,37930,3,anual,norte,0
18,8,28392,8,mensual,centro,1
33,23,117353,1,mensual,sur,0
51,56,87369,0,mensual,norte,0
26,36,83795,4,anual,norte,0
45,40,23472,5,mensual,norte,1
47,59,77610,2,anual,sur,0
22,23,30563,6,mensual,centro,0
44,58,76495,4,mensual,centro,0
65,29,16940,3,anual,sur,0
25,40,119615,4,bienal,sur,0
43,44,83759,2,anual,norte,0
31,36,116626,7,mensual,sur,0
59,46,55872,7,mensual,norte,0
29,29,94341,0,mensual,centro,0
42,40,69399,0,bienal,centro,1
42,7,32183,0,anual,sur,0
67,27,103709,2,bienal,centro,1
31,32,94746,6,anual,sur,0
67,31,29793,6,bienal,norte,1
68,38,20833,4,mensual,centro,0
36,57,93405,1,mensual,norte,0
59,46,79776,4,mensual,centro,0
29,46,106324,4,mensual,sur,0
21,57,14268,1,anual,norte,1
40,25,88366,7,bienal,norte,0
45,6,56592,5,bienal,centro,0
70,24,87133,6,mensual,sur,1
56,60,71767,7,anual,centro,0
45,2,38778,6,anual,sur,0
51,6,119336,3,anual,centro,0
35,10,21776,4,mensual,sur,0
33,52,86896,2,mensual,sur,0
26,19,115012,2,mensual,sur,1
55,17,104416,3,mensual,centro,1
39,36,17619,7,bienal,sur,1
38,13,46024,2,bienal,norte,0
74,18,12167,4,mensual,sur,0
54,48,42080,6,mensual,sur,1
23,1,55747,3,bienal,sur,0
45,23,57282,6,anual,norte,1
68,24,69697,1,bienal,centro,1
67,27,60250,3,bienal,centro,0
41,43,46570,4,bienal,sur,1
48,3,110790,3,bienal,norte,1
22,4,34467,8,bienal,norte,0
62,15,100816,8,bienal,norte,1
50,41,112853,8,bienal,norte,0
74,40,25668,1,mensual,centro,1
49,56,37542,3,bienal,norte,1
29,7,96799,8,anual,norte,1
27,15,34638,7,mensual,sur,1
71,49,23396,1,anual,centro,0
57,50,10906,6,anual,centro,0
61,55,20671,0,mensual,sur,1
20,14,40746,8,anual,norte,1
75,52,108608,8,mensual,centro,1
28,56,97131,6,anual,sur,1
32,14,26413,2,bienal,norte,0
66,27,114312,7,bienal,norte,0
25,50,25165,7,bienal,norte,0
22,28,44052,6,bienal,norte,0
31,21,17714,2,bienal,norte,0
66,31,61214,4,bienal,norte,0
30,51,16211,5,mensual,sur,1
28,13,63912,6,mensual,sur,0
19,40,93439,6,anual,sur,0
44,41,19593,4,bienal,sur,0
37,55,87742,8,mensual,centro,0
70,16,22147,5,anual,norte,0
72,42,35923,3,mensual,centro,0
46,6,69178,5,bienal,norte,0
38,49,33853,6,bienal,sur,0
25,30,13090,1,anual,centro,1
74,6,37939,3,mensual,sur,0
61,59,56245,0,bienal,centro,0
63,7,99725,0,bienal,norte,0
20,60,62457,4,anual,centro,0
27,13,48784,3,bienal,sur,1
47,43,34050,5,mensual,norte,1
52,30,106524,8,mensual,norte,0
75,25,61689,5,anual,norte,0
53,4,50906,3,bienal,sur,0
61,23,105952,8,anual,sur,0
54,23,59210,5,anual,centro,1
25,21,65926,8,mensual,norte,0
50,28,91249,6,anual,centro,1
18,29,116760,5,mensual,centro,0
22,35,87414,8,bienal,sur,0
28,33,84322,7,anual,norte,0
22,15,22378,2,anual,centro,0
53,40,20665,7,mensual,sur,0
47,17,92598,6,anual,norte,1
45,7,68411,1,anual,sur,0
30,27,83903,0,mensual,centro,0
18,10,10793,2,mensual,norte,0
69,56,56639,0,bienal,centro,0
52,39,43366,0,mensual,sur,0
44,48,118240,7,bienal,sur,0
46,50,59860,8,anual,norte,0
41,51,52062,2,anual,centro,0
75,26,35205,2,bienal,norte,0
49,17,65878,4,bienal,sur,0
71,21,72890,5,anual,sur,0
58,25,70100,0,mensual,sur,0
41,56,61287,0,anual,sur,0
75,22,43950,2,anual,centro,1
22,50,32509,8,anual,centro,0
35,32,38328,7,bienal,centro,0
38,27,90553,6,mensual,sur,1
73,7,50486,0,mensual,sur,0
66,40,49131,5,mensual,norte,0
42,48,60234,5,mensual,sur,0
65,35,108852,7,anual,sur,1
51,22,11179,5,bienal,sur,1
60,17,46625,6,mensual,centro,1
26,12,31406,7,mensual,sur,1
33,48,108815,3,anual,sur,0
52,42,103610,2,anual,norte,1
73,15,95463,6,bienal,sur,0
20,22,95897,6,bienal,sur,1
26,22,14473,2,anual,norte,0
26,12,43289,7,bienal,norte,1
34,1,119924,2,mensual,sur,1
60,27,90935,3,anual,centro,0
43,27,116386,6,mensual,sur,0
63,8,17352,7,anual,centro,0
63,23,24277,7,mensual,sur,1
50,3,50895,1,anual,sur,0
25,27,87781,5,mensual,sur,1
39,4,68747,0,bienal,sur,0
49,29,71325,1,anual,sur,0
61,51,50069,4,bienal,centro,0
52,20,97390,8,anual,norte,0
68,38,104091,7,bienal,centro,0
42,32,24695,7,anual,centro,0
64,54,11267,0,bienal,sur,1
20,37,90148,2,anual,norte,0
53,52,111917,4,bienal,sur,1
47,25,84015,6,mensual,centro,0
64,52,21171,2,bienal,norte,0
53,19,14050,8,anual,norte,1
33,60,29090,4,anual,centro,0
58,43,107094,5,mensual,norte,1
56,19,102857,3,mensual,norte,0
49,34,60304,8,bienal,sur,0
21,2,63446,5,mensual,centro,1
43,36,64628,5,bienal,sur,1
61,30,107925,5,mensual,centro,1
68,44,22759,5,anual,centro,1
30,42,89055,4,mensual,centro,0
23,18,61995,0,anual,centro,0
52,30,68861,7,anual,sur,0
68,16,27001,3,bienal,centro,0
58,51,96874,0,bienal,norte,0
40,50,101012,5,mensual,norte,1
44,4,79464,5,mensual,sur,1
54,32,60241,4,mensual,norte,0
25,54,115253,0,mensual,norte,1
57,6,48625,8,bienal,norte,0
60,22,103418,1,bienal,sur,0
66,45,18674,0,mensual,norte,0
62,51,113306,8,mensual,norte,1
23,51,30075,8,mensual,centro,1
63,41,61577,1,mensual,sur,1
66,19,87192,8,mensual,sur,0
24,57,53282,7,bienal,centro,0
51,5,45259,7,anual,sur,1
23,32,81874,6,anual,norte,1
38,9,17984,8,anual,sur,1
54,22,89522,7,bienal,centro,1
23,28,62977,1,mensual,centro,0
30,11,57204,7,bienal,sur,1
55,31,52150,6,mensual,sur,0
48,19,119157,3,anual,sur,0
30,12,61403,1,bienal,sur,0
24,6,8955,8,bienal,norte,0
67,30,76982,4,bienal,centro,1
58,32,107088,6,bienal,sur,0
33,5,58876,1,anual,norte,0
41,4,11955,4,mensual,norte,1
18,2,93252,2,mensual,sur,1
68,55,61333,6,bienal,sur,0
68,1,102266,1,anual,norte,1
44,18,59551,2,bienal,centro,1
24,22,42976,6,bienal,centro,0
22,8,81443,3,anual,centro,0
32,46,51824,4,bienal,centro,1
71,35,72411,5,anual,norte,0
58,5,17835,8,mensual,norte,1
24,40,115697,8,bienal,sur,0
24,16,16964,8,anual,norte,1
58,55,32861,5,mensual,sur,1
29,25,40540,6,mensual,sur,1
44,24,80841,1,anual,norte,0
44,6,77893,3,bienal,sur,0
61,21,59720,0,bienal,norte,0
57,6,113606,0,bienal,sur,0
62,59,68447,7,anual,centro,1
38,5,87252,1,mensual,centro,0
41,36,91629,5,anual,centro,1
33,21,103297,0,anual,sur,0
27,37,57039,3,anual,sur,0
53,50,9643,1,mensual,centro,0
54,3,100234,3,bienal,norte,1
54,17,28773,4,anual,sur,0
46,2,31650,6,anual,norte,0
25,26,50201,8,bienal,sur,0
72,33,48818,8,anual,norte,0
64,38,31152,8,mensual,norte,0
36,31,113713,6,bienal,sur,0
69,46,47988,6,mensual,centro,1
61,11,30656,1,bienal,centro,0
19,8,68520,3,anual,centro,0
51,23,94150,4,anual,norte,0
47,41,15486,1,mensual,centro,0
67,5,96386,4,mensual,centro,1
53,26,48834,5,mensual,sur,0
48,48,52562,8,mensual,centro,0
57,46,116160,6,mensual,sur,1
19,21,22174,5,anual,centro,1
51,17,108918,7,mensual,norte,0
35,11,117596,5,mensual,norte,0
55,16,65100,5,anual,norte,0
62,60,84566,0,bienal,centro,0
28,56,80508,0,anual,centro,1
47,33,50502,2,anual,norte,1
40,25,119336,5,anual,norte,0
35,34,109130,5,mensual,sur,0
51,11,31481,8,bienal,norte,0
43,52,106242,2,mensual,sur,0
20,52,99927,4,bienal,centro,0
55,29,62797,6,bienal,sur,1
45,60,49458,8,mensual,sur,0
53,31,49422,7,mensual,centro,1
62,6,78886,0,bienal,centro,0
42,45,63359,8,bienal,norte,0
75,41,15683,0,bienal,sur,0
52,12,110513,4,anual,sur,0
53,33,117092,0,mensual,norte,1
51,58,18241,6,mensual,centro,1
36,25,13461,5,anual,norte,1
60,28,45043,3,mensual,sur,0
25,46,98229,5,anual,norte,1
25,14,14634,1,bienal,sur,0
62,28,42643,2,bienal,sur,0
50,18,75556,5,anual,centro,1
29,10,105359,7,anual,norte,0
73,24,15246,1,anual,norte,1
61,17,62930,7,bienal,sur,0
42,31,10480,6,anual,sur,0
43,11,47708,8,bienal,centro,1
59,60,48355,1,mensual,sur,0
28,8,27121,7,bienal,norte,1
37,36,98875,1,mensual,centro,0
33,12,79882,4,mensual,centro,0
30,36,41950,1,bienal,centro,0
58,51,91070,4,bienal,centro,0
64,51,21975,6,bienal,sur,0
62,33,33434,6,bienal,norte,0
47,7,45121,8,mensual,norte,1
23,28,20560,6,mensual,sur,0
71,49,74038,3,anual,centro,0
24,20,59656,7,mensual,norte,1
19,3,57307,4,bienal,norte,1
55,40,58888,0,bienal,norte,0
72,30,13612,6,mensual,centro,1
70,55,29768,6,mensual,norte,0
29,21,29276,0,anual,norte,0
27,50,117514,7,mensual,centro,0
42,52,119735,6,anual,norte,0
31,29,54076,6,bienal,norte,0
54,46,34847,8,mensual,centro,0
26,48,107072,0,mensual,centro,1
42,30,42915,8,anual,norte,1
37,57,96377,4,anual,sur,0
53,30,46085,3,bienal,centro,0
61,6,55122,6,mensual,centro,0
28,32,40729,1,anual,centro,0
65,13,105864,0,bienal,sur,0
63,30,54241,7,mensual,norte,0
29,13,44175,1,anual,sur,0
29,37,112619,0,bienal,sur,0
75,27,78867,6,anual,norte,1
28,39,106709,0,bienal,norte,0
29,17,45551,3,bienal,sur,1
22,58,111746,1,bienal,sur,0
53,28,107232,2,mensual,centro,1
42,18,116531,3,anual,centro,0
73,41,43467,4,mensual,norte,0
62,50,48626,4,bienal,sur,0
63,58,62935,2,bienal,norte,0
35,42,95032,4,bienal,centro,1
24,12,32770,7,bienal,centro,1
60,12,43267,4,anual,centro,0
47,12,115056,3,bienal,norte,1
38,56,97535,8,anual,norte,1
66,15,59055,1,mensual,centro,1
50,3,102917,1,anual,norte,0
34,31,17656,8,anual,sur,0
60,52,11372,7,mensual,norte,1
72,7,31728,4,bienal,centro,0
35,22,80940,4,bienal,centro,0
24,26,19832,4,mensual,sur,1
71,16,17265,4,bienal,norte,0
44,53,30883,6,bienal,norte,0
48,15,96996,7,bienal,centro,0
54,44,27915,2,mensual,sur,0
53,26,58049,3,mensual,sur,1
